0, 0, 0
119056, -309032, -16137.7
1.37228e+06, 152582, 28908.1
-241682, 2.10553e+06, 92333.1
-2.08353e+06, -664988, -73657.3
1.56405e+06, -2.402e+06, -87416.9
2.99585e+06, 2.62521e+06, 177828
-3.33609e+06, 2.759e+06, 63456
-2.01259e+06, -4.05042e+06, -233860
5.38638e+06, -1.42376e+06, 33622
590142, 6.37988e+06, 308608
-6.45572e+06, -688786, -160950
2.25971e+06, -6.71171e+06, -276261
7.19492e+06, 3.98625e+06, 323942
-5.53326e+06, 6.63254e+06, 201417
-5.43068e+06, -6.90268e+06, -435149
8.73792e+06, -4.42103e+06, -41260.9
2.97582e+06, 1.02602e+07, 536966
-1.0754e+07, 871114, -172638
1.40079e+06, -1.12224e+07, -505066
1.18738e+07, 3.82331e+06, 408133
-6.31932e+06, 1.12843e+07, 403511
-9.86396e+06, -8.54031e+06, -599469
1.10584e+07, -8.62784e+06, -193071
6.77597e+06, 1.33361e+07, 755493
-1.45521e+07, 3.96275e+06, -102791
-1.03754e+06, -1.55122e+07, -754574
1.66127e+07, 2.03507e+06, 417433
-5.50639e+06, 1.6321e+07, 655060
-1.49709e+07, -8.70856e+06, -708206
1.20378e+07, -1.37504e+07, -414147
1.17561e+07, 1.52386e+07, 942349
-1.7443e+07, 8.43414e+06, 49473.5
-4.98105e+06, -1.91605e+07, -1.00366e+06
2.09767e+07, -1.37982e+06, 343251
-3.0041e+06, 2.13128e+07, 937747
-2.03534e+07, -7.23803e+06, -745634
1.14379e+07, -1.94261e+07, -692199
1.76003e+07, 1.56589e+07, 1.0769e+06
-1.90637e+07, 1.404e+07, 279829
-1.02554e+07, -2.17702e+07, -1.23033e+06
2.45342e+07, -6.3202e+06, 181856
1.17809e+06, 2.58139e+07, 1.23056e+06
-2.55803e+07, -4.05467e+06, -699832
9.1115e+06, -2.5241e+07, -1.01076e+06
2.39209e+07, 1.43654e+07, 1.14074e+06
-1.91094e+07, 2.04529e+07, 578948
-1.65971e+07, -2.29902e+07, -1.41296e+06
2.68831e+07, -1.2584e+07, -65205.4
6.92392e+06, 2.9384e+07, 1.51067e+06
-3.02045e+07, 813717, -563323
5.0068e+06, -3.07492e+07, -1.35001e+06
3.02808e+07, 1.12185e+07, 1.11877e+06
-1.73571e+07, 2.72762e+07, 932684
-2.36579e+07, -2.25325e+07, -1.53129e+06
2.76673e+07, -1.9877e+07, -391157
1.40185e+07, 3.16122e+07, 1.75466e+06
-3.37901e+07, 7.23486e+06, -333718
-820390, -3.54939e+07, -1.68753e+06
3.62081e+07, 6.1802e+06, 999986
-1.3672e+07, 3.40634e+07, 1.32283e+06
-3.10271e+07, -2.01915e+07, -1.56763e+06
2.66037e+07, -2.7821e+07, -783898
2.21473e+07, 3.21351e+07, 1.93942e+06
-3.59283e+07, 1.49775e+07, -13807.3
-8.21121e+06, -3.90334e+07, -1.99956e+06
4.12236e+07, -676751, 778383
-8.02548e+06, 4.03345e+07, 1.72755e+06
-3.82428e+07, -1.58555e+07, -1.50769e+06
2.34918e+07, -3.59726e+07, -1.22668e+06
3.09153e+07, 3.06622e+07, 2.04366e+06
-3.62668e+07, 2.37146e+07, 388066
-1.69002e+07, -4.09589e+07, -2.26185e+06
4.48593e+07, -9.17149e+06, 453260
-493886, 4.56028e+07, 2.12262e+06
-4.48192e+07, -9.52005e+06, -1.34174e+06
1.8237e+07, -4.3838e+07, -1.69833e+06
3.98534e+07, 2.69884e+07, 2.04865e+06
-3.45208e+07, 3.30399e+07, 858543
-2.65313e+07, -4.09234e+07, -2.4512e+06
4.66889e+07, -1.90106e+07, 29938.3
8.73084e+06, 4.93909e+07, 2.48204e+06
-5.02628e+07, -1.28692e+06, -1.06484e+06
1.08534e+07, -5.09015e+07, -2.17454e+06
4.84442e+07, 2.10165e+07, 1.93973e+06
-3.04977e+07, 4.24762e+07, 1.37913e+06
-3.66629e+07, -3.86558e+07, -2.54632e+06
4.63437e+07, -2.98046e+07, -480649
1.93519e+07, 5.12627e+07, 2.77966e+06
-5.41037e+07, 8.62644e+06, -677897
1.47649e+06, -5.66413e+07, -2.6284e+06
5.61384e+07, 1.27599e+07, 1.70683e+06
-2.41057e+07, 5.15031e+07, 1.92735e+06
-4.67917e+07, -3.39857e+07, -2.52936e+06
4.35435e+07, -4.10709e+07, -1.06153e+06
3.09664e+07, 5.08376e+07, 2.98988e+06
-5.59103e+07, 1.99008e+07, -187315
-9.64253e+06, -6.05658e+07, -3.03208e+06
6.23846e+07, 2.36195e+06, 1.34582e+06
-1.537e+07, 5.9566e+07, 2.47692e+06
-5.63685e+07, -2.6848e+07, -2.38651e+06
3.81096e+07, -5.22633e+07, -1.6908e+06
4.30832e+07, 4.78233e+07, 3.0895e+06
-5.53194e+07, 3.21129e+07, 394310
-2.21355e+07, -6.22291e+07, -3.35767e+06
6.665e+07, -9.91576e+06, 858504
-4.43377e+06, 6.6114e+07, 2.99933e+06
-6.48262e+07, -1.73047e+07, -2.10952e+06
2.99855e+07, -6.27794e+07, -2.34161e+06
5.51359e+07, 4.20233e+07, 3.05836e+06
-5.20522e+07, 4.47611e+07, 1.04911e+06
-3.55322e+07, -6.12666e+07, -3.57901e+06
6.84533e+07, -2.36807e+07, 253711
8.43397e+06, 7.06099e+07, 3.46438e+06
-7.16002e+07, -5.53509e+06, -1.69565e+06
1.92464e+07, -7.20039e+07, -2.98391e+06
6.65039e+07, 3.33694e+07, 2.88115e+06
-4.5935e+07, 5.72675e+07, 1.75362e+06
-4.92755e+07, -5.74063e+07, -3.67256e+06
6.73894e+07, -3.84344e+07, -453331
2.28442e+07, 7.25715e+07, 3.84203e+06
-7.61584e+07, 8.14941e+06, -1.14894e+06
6.10694e+06, -7.93198e+07, -3.58493e+06
7.65375e+07, 2.19179e+07, 2.54788e+06
-3.69133e+07, 6.90157e+07, 2.48022e+06
-6.27413e+07, -5.05028e+07, -3.61932e+06
6.31545e+07, -5.35691e+07, -1.24039e+06
3.82964e+07, 7.15814e+07, 4.10315e+06
-7.80277e+07, 2.33272e+07, -479687
-9.07833e+06, -8.41552e+07, -4.11126e+06
8.4584e+07, 7.87791e+06, 2.05552e+06
-2.50633e+07, 7.93563e+07, 3.1973e+06
-7.52643e+07, -4.05331e+07, -3.4052e+06
5.5575e+07, -6.84093e+07, -2.07956e+06
5.4187e+07, 6.73292e+07, 4.22154e+06
-7.68136e+07, 3.94601e+07, 294863
-2.58265e+07, -8.59997e+07, -4.52983e+06
9.00226e+07, -8.40495e+06, 1.40799e+06
-1.0601e+07, 8.76521e+07, 3.87104e+06
-8.61646e+07, -2.76265e+07, -3.02283e+06
4.462e+07, -8.22177e+07, -2.93736e+06
6.9835e+07, 5.96147e+07, 4.17471e+06
-7.22315e+07, 5.59283e+07, 1.15152e+06
-4.35322e+07, -8.44498e+07, -4.81012e+06
9.22885e+07, -2.64316e+07, 617404
6.12237e+06, 9.32881e+07, 4.46608e+06
-9.47821e+07, -1.20494e+07, -2.47155e+06
3.04224e+07, -9.42448e+07, -3.7766e+06
8.44953e+07, 4.83885e+07, 3.94584e+06
-6.4118e+07, 7.20307e+07, 2.06104e+06
-6.14978e+07, -7.92138e+07, -4.92507e+06
9.09183e+07, -4.55802e+07, -296500
2.46135e+07, 9.57192e+07, 4.9475e+06
-1.00497e+08, 5.77939e+06, -1.75858e+06
1.3276e+07, -1.03749e+08, -4.55734e+06
9.73993e+07, 3.37475e+07, 3.52447e+06
-5.24567e+07, 8.70282e+07, 2.98952e+06
-7.89478e+07, -7.01569e+07, -4.85324e+06
8.55656e+07, -6.51034e+07, -1.30599e+06
4.42616e+07, 9.44794e+07, 5.28187e+06
-1.02774e+08, 2.5315e+07, -898619
-6.35166e+06, -1.10048e+08, -5.23898e+06
1.0777e+08, 1.59637e+07, 2.90808e+06
-3.73773e+07, 1.00156e+08, 3.89905e+06
-9.50732e+07, -5.72973e+07, -4.5796e+06
7.6045e+07, -8.41714e+07, -2.37642e+06
6.43351e+07, 8.92276e+07, 5.43912e+06
-1.01176e+08, 4.58822e+07, 85769.3
-2.78474e+07, -1.12539e+08, -5.78181e+06
1.1488e+08, -4.52817e+06, 2.10257e+06
-1.91789e+07, 1.1067e+08, 4.74934e+06
-1.09046e+08, -4.08318e+07, -4.09703e+06
6.23383e+07, -1.0189e+08, -3.46697e+06
8.40235e+07, 7.97574e+07, 5.39392e+06
-9.54062e+07, 6.67132e+07, 1.16495e+06
-5.04475e+07, -1.10748e+08, -6.14916e+06
1.1806e+08, -2.71184e+07, 1.12306e+06
1.69262e+06, 1.17861e+08, 5.49899e+06
-1.20082e+08, -2.11259e+07, -3.40694e+06
4.46319e+07, -1.17349e+08, -4.53215e+06
1.02439e+08, 6.60307e+07, 5.12728e+06
-8.53098e+07, 8.69609e+07, 2.30287e+06
-7.32868e+07, -1.04352e+08, -6.30927e+06
1.16771e+08, -5.10476e+07, -6016.87
2.46243e+07, 1.21104e+08, 6.10715e+06
-1.27447e+08, 1.27837e+06, -2.51985e+06
2.32968e+07, -1.29652e+08, -5.52367e+06
1.18678e+08, 4.81882e+07, 4.62805e+06
-7.09164e+07, 1.05738e+08, 3.45806e+06
-9.5405e+07, -9.32122e+07, -6.23695e+06
1.10608e+08, -7.54186e+07, -1.25127e+06
4.88759e+07, 1.1988e+08, 6.5354e+06
-1.30524e+08, 2.56867e+07, -1.45554e+06
-1.08019e+06, -1.37978e+08, -6.39226e+06
1.31825e+08, 2.65662e+07, 3.89391e+06
-5.2419e+07, 1.22144e+08, 4.58526e+06
-1.15816e+08, -7.73861e+07, -5.91552e+06
9.93624e+07, -9.92286e+07, -2.57075e+06
7.35682e+07, 1.13808e+08, 6.74909e+06
-1.28816e+08, 5.12656e+07, -242565
-2.77418e+07, -1.41607e+08, -7.09031e+06
1.41029e+08, 1.69752e+06, 2.93279e+06
-3.0213e+07, 1.35304e+08, 5.63647e+06
-1.33515e+08, -5.71425e+07, -5.33762e+06
8.30187e+07, -1.2141e+08, -3.9158e+06
9.77418e+07, 1.02678e+08, 6.71978e+06
-1.22007e+08, 7.707e+07, 1.08197e+06
-5.5749e+07, -1.39974e+08, -7.57361e+06
1.45512e+08, -2.56934e+07, 1.76285e+06
-4.85976e+06, 1.44407e+08, 6.56343e+06
-1.47557e+08, -3.29609e+07, -4.50667e+06
6.18083e+07, -1.40868e+08, -5.23183e+06
1.20352e+08, 8.64685e+07, 6.42613e+06
-1.09949e+08, 1.0208e+08, 2.47415e+06
-8.40472e+07, -1.32707e+08, -7.80449e+06
1.44648e+08, -5.46984e+07, 413429
2.28893e+07, 1.48737e+08, 7.31849e+06
-1.57075e+08, -5.52152e+06, -3.43674e+06
3.61814e+07, -1.56539e+08, -6.46145e+06
1.40343e+08, 6.53734e+07, 5.85642e+06
-9.27204e+07, 1.25232e+08, 3.88365e+06
-1.11468e+08, -1.19649e+08, -7.75295e+06
1.37965e+08, -8.42647e+07, -1.07635e+06
5.21425e+07, 1.4772e+08, 7.85779e+06
-1.61344e+08, 2.4304e+07, -2.15339e+06
6.84103e+06, -1.67429e+08, -7.54559e+06
1.56657e+08, 3.98016e+07, 5.00878e+06
-7.05924e+07, 1.45466e+08, 5.25663e+06
-1.36816e+08, -1.0089e+08, -7.39967e+06
1.25224e+08, -1.13208e+08, -2.65706e+06
8.1857e+07, 1.40939e+08, 8.14191e+06
-1.59797e+08, 5.54976e+07, -692043
-2.53032e+07, -1.72689e+08, -8.42773e+06
1.68311e+08, 1.03975e+07, 3.89347e+06
-4.40702e+07, 1.61756e+08, 6.53612e+06
-1.58885e+08, -7.67682e+07, -6.73646e+06
1.0641e+08, -1.40277e+08, -4.27189e+06
1.10904e+08, 1.28191e+08, 8.13927e+06
-1.52089e+08, 8.69056e+07, 901504
-5.91279e+07, -1.71637e+08, -9.05489e+06
1.74417e+08, -2.19923e+07, 2.53194e+06
-1.38543e+07, 1.73173e+08, 7.66585e+06
-1.76544e+08, -4.78884e+07, -5.76854e+06
8.17898e+07, -1.6418e+08, -5.85671e+06
1.38073e+08, 1.0948e+08, 7.82644e+06
-1.38086e+08, 1.17307e+08, 2.57419e+06
-9.33682e+07, -1.63833e+08, -9.38232e+06
1.74257e+08, -5.63034e+07, 958724
1.91444e+07, 1.78901e+08, 8.5906e+06
-1.88762e+08, -1.50776e+07, -4.51341e+06
5.1894e+07, -1.83674e+08, -7.34459e+06
1.62147e+08, 8.50691e+07, 7.1915e+06
-1.17914e+08, 1.45428e+08, 4.26552e+06
-1.26636e+08, -1.49091e+08, -9.37431e+06
1.673e+08, -9.13175e+07, -780963
5.38555e+07, 1.78308e+08, 9.26035e+06
-1.94692e+08, 2.05997e+07, -3.00271e+06
1.75402e+07, -1.97587e+08, -8.66628e+06
1.81923e+08, 5.54524e+07, 6.23354e+06
-9.19434e+07, 1.70031e+08, 5.91168e+06
-1.575e+08, -1.27528e+08, -9.00815e+06
1.53272e+08, -1.25663e+08, -2.62999e+06
8.90538e+07, 1.70947e+08, 9.63063e+06
-1.93683e+08, 5.79187e+07, -1.27925e+06
-2.02065e+07, -2.04923e+08, -9.75567e+06
1.96288e+08, 2.13967e+07, 4.96558e+06
-6.08057e+07, 1.89917e+08, 7.44574e+06
-1.84534e+08, -9.95448e+07, -8.27404e+06
1.32168e+08, -1.57905e+08, -4.52321e+06
1.23417e+08, 1.56626e+08, 9.66665e+06
-1.8534e+08, 9.54953e+07, 601850
-6.00435e+07, -2.04881e+08, -1.05509e+07
2.0425e+08, -1.61159e+07, 3.41296e+06
-2.53653e+07, 2.04026e+08, 8.80224e+06
-2.06396e+08, -6.58663e+07, -7.17836e+06
1.04289e+08, -1.86557e+08, -6.38722e+06
1.5556e+08, 1.35392e+08, 9.34328e+06
-1.69543e+08, 1.31883e+08, 2.57736e+06
-1.00489e+08, -1.96943e+08, -1.09994e+07
2.05002e+08, -5.58605e+07, 1.61563e+06
1.32875e+07, 2.11438e+08, 9.91783e+06
-2.21876e+08, -2.74745e+07, -5.74182e+06
7.0247e+07, -2.10196e+08, -8.14542e+06
1.84092e+08, 1.07589e+08, 8.64866e+06
-1.46466e+08, 1.65576e+08, 4.57565e+06
-1.39935e+08, -1.80875e+08, -1.10592e+07
1.97973e+08, -9.64503e+07, -374670
5.38732e+07, 2.11462e+08, 1.07358e+07
-2.29968e+08, 1.43678e+07, -4.00171e+06
3.09668e+07, -2.2748e+08, -9.71889e+06
2.07664e+08, 7.38146e+07, 7.5835e+06
-1.16581e+08, 1.95128e+08, 6.52164e+06
-1.7671e+08, -1.56811e+08, -1.07032e+07
1.82854e+08, -1.36329e+08, -2.49335e+06
9.49695e+07, 2.0363e+08, 1.12066e+07
-2.29925e+08, 5.82129e+07, -2.00869e+06
-1.23316e+07, -2.37264e+08, -1.10319e+07
2.25025e+08, 3.49687e+07, 6.16399e+06
-8.06562e+07, 2.19154e+08, 8.33751e+06
-2.09159e+08, -1.25203e+08, -9.91955e+06
1.59662e+08, -1.73881e+08, -4.66678e+06
1.35043e+08, 1.87777e+08, 1.12924e+07
-2.21287e+08, 1.02429e+08, 172592
-5.81795e+07, -2.38624e+08, -1.20138e+07
2.35091e+08, -7.81204e+06, 4.42027e+06
-3.97401e+07, 2.36442e+08, 9.94754e+06
-2.3571e+08, -8.68822e+07, -8.71465e+06
1.28736e+08, -2.07438e+08, -6.81281e+06
1.72521e+08, 1.64002e+08, 1.09667e+07
-2.03936e+08, 1.45318e+08, 2.46776e+06
-1.04886e+08, -2.3096e+08, -1.26042e+07
2.36971e+08, -5.31333e+07, 2.39802e+06
4.88708e+06, 2.45961e+08, 1.12796e+07
-2.54969e+08, -4.29836e+07, -7.11212e+06
9.07734e+07, -2.35402e+08, -8.84541e+06
2.05827e+08, 1.32746e+08, 1.02179e+07
-1.78089e+08, 1.85131e+08, 4.79359e+06
-1.50634e+08, -2.1399e+08, -1.27547e+07
2.30062e+08, -9.94294e+07, 156250
5.17206e+07, 2.46954e+08, 1.22695e+07
-2.65754e+08, 5.04086e+06, -5.15409e+06
4.67988e+07, -2.56278e+08, -1.06769e+07
2.33468e+08, 9.47321e+07, 9.04932e+06
-1.44328e+08, 2.20183e+08, 7.06258e+06
-1.93518e+08, -1.87841e+08, -1.24334e+07
2.14044e+08, -1.44965e+08, -2.23288e+06
9.9123e+07, 2.38928e+08, 1.28625e+07
-2.67206e+08, 5.5522e+07, -2.89872e+06
-1.82188e+06, -2.68789e+08, -1.22226e+07
2.54056e+08, 5.10059e+07, 7.48073e+06
-1.03553e+08, 2.4889e+08, 9.18538e+06
-2.31667e+08, -1.53012e+08, -1.16258e+07
1.88962e+08, -1.87938e+08, -4.68705e+06
1.45333e+08, 2.21733e+08, 1.30166e+07
-2.58784e+08, 1.06587e+08, -419479
-5.34698e+07, -2.71897e+08, -1.3404e+07
2.66423e+08, 2.87406e+06, 5.54796e+06
-5.70058e+07, 2.69869e+08, 1.10749e+07
-2.63276e+08, -1.10411e+08, -1.03371e+07
1.55204e+08, -2.26521e+08, -7.11597e+06
1.88578e+08, 1.95541e+08, 1.27042e+07
-2.40351e+08, 1.56277e+08, 2.19816e+06
-1.06268e+08, -2.64914e+08, -1.41528e+07
2.69613e+08, -4.80957e+07, 3.30285e+06
-6.16892e+06, 2.81962e+08, 1.26495e+07
-2.86759e+08, -6.13084e+07, -8.59296e+06
1.13563e+08, -2.58954e+08, -9.42471e+06
2.2708e+08, 1.60882e+08, 1.19139e+07
-2.12149e+08, 2.02594e+08, 4.85968e+06
-1.58211e+08, -2.47517e+08, -1.44149e+07
2.63e+08, -1.00148e+08, 812214
4.72168e+07, 2.84326e+08, 1.38364e+07
-3.00753e+08, -7.31995e+06, -6.43893e+06
6.51591e+07, -2.83606e+08, -1.15176e+07
2.59192e+08, 1.18622e+08, 1.06517e+07
-1.74853e+08, 2.43608e+08, 7.46488e+06
-2.07176e+08, -2.19804e+08, -1.41529e+07
2.46269e+08, -1.51378e+08, -1.84428e+06
1.0128e+08, 2.76444e+08, 1.4575e+07
-3.04263e+08, 4.96717e+07, -3.9397e+06
1.14906e+07, -2.9907e+08, -1.33015e+07
2.8339e+08, 6.99583e+07, 8.94107e+06
-1.29483e+08, 2.7752e+08, 9.91273e+06
-2.5109e+08, -1.82308e+08, -1.33493e+07
2.1951e+08, -1.99806e+08, -4.57572e+06
1.54017e+08, 2.58173e+08, 1.48187e+07
-2.96651e+08, 1.07576e+08, -1.17639e+06
-4.56776e+07, -3.04222e+08, -1.4691e+07
2.98409e+08, 1.63829e+07, 6.8241e+06
-7.74561e+07, 3.02755e+08, 1.21041e+07
-2.87941e+08, -1.35996e+08, -1.20077e+07
1.83171e+08, -2.43454e+08, -7.28412e+06
2.03437e+08, 2.29756e+08, 1.45384e+07
-2.77743e+08, 1.64176e+08, 1.75526e+06
-1.04303e+08, -2.98285e+08, -1.56107e+07
3.03237e+08, -4.03596e+07, 4.35905e+06
-2.04563e+07, 3.18019e+08, 1.39473e+07
-3.1595e+08, -8.22488e+07, -1.01546e+07
1.3813e+08, -2.80415e+08, -9.86617e+06
2.47554e+08, 1.91817e+08, 1.37225e+07
-2.47776e+08, 2.17238e+08, 4.75036e+06
-1.6221e+08, -2.80907e+08, -1.60013e+07
2.97225e+08, -9.83134e+07, 1.62082e+06
3.95497e+07, 3.22351e+08, 1.536e+07
-3.33588e+08, -2.28093e+07, -7.8377e+06
8.56162e+07, -3.08947e+08, -1.22192e+07
2.84545e+08, 1.45369e+08, 1.23797e+07
-2.07478e+08, 2.64576e+08, 7.69656e+06
-2.17098e+08, -2.52159e+08, -1.58205e+07
2.8007e+08, -1.55404e+08, -1.30332e+06
1.00454e+08, 3.15193e+08, 1.62746e+07
-3.39716e+08, 4.02561e+07, -5.12654e+06
2.72457e+07, -3.27525e+08, -1.42425e+07
3.1275e+08, 9.17655e+07, 1.05376e+07
-1.57973e+08, 3.04172e+08, 1.04812e+07
-2.66708e+08, -2.12595e+08, -1.50479e+07
2.51904e+08, -2.09473e+08, -4.31375e+06
1.60009e+08, 2.96381e+08, 1.66388e+07
-3.33584e+08, 1.04675e+08, -2.10796e+06
-3.5082e+07, -3.34962e+08, -1.58448e+07
3.308e+08, 3.26984e+07, 8.24422e+06
-1.00815e+08, 3.34229e+08, 1.29927e+07
-3.08856e+08, -1.63215e+08, -1.36849e+07
2.13244e+08, -2.58393e+08, -7.30477e+06
2.15984e+08, 2.6621e+08, 1.64208e+07
-3.14941e+08, 1.68003e+08, 1.11394e+06
-9.91853e+07, -3.30406e+08, -1.69445e+07
3.37621e+08, -2.99085e+07, 5.56456e+06
-3.78753e+07, 3.53292e+08, 1.51285e+07
-3.41584e+08, -1.05488e+08, -1.17579e+07
1.65051e+08, -3.00109e+08, -1.01648e+07
2.66185e+08, 2.25381e+08, 1.56078e+07
-2.83999e+08, 2.27786e+08, 4.4253e+06
-1.62735e+08, -3.1347e+08, -1.74776e+07
3.32542e+08, -9.38963e+07, 2.58171e+06
2.86698e+07, 3.60259e+08, 1.67956e+07
-3.63208e+08, -4.12446e+07, -9.31528e+06
1.08669e+08, -3.32773e+08, -1.27841e+07
3.08587e+08, 1.75047e+08, 1.42104e+07
-2.41491e+08, 2.81591e+08, 7.70283e+06
-2.23286e+08, -2.84206e+08, -1.73975e+07
3.15273e+08, -1.57009e+08, -609122
9.64717e+07, 3.5449e+08, 1.79181e+07
-3.7244e+08, 2.73059e+07, -6.42968e+06
4.58286e+07, -3.54752e+08, -1.50548e+07
3.4138e+08, 1.16702e+08, 1.2259e+07
-1.88611e+08, 3.27185e+08, 1.0823e+07
-2.78417e+08, -2.4318e+08, -1.6681e+07
2.85976e+08, -2.16902e+08, -3.89966e+06
1.6305e+08, 3.35782e+08, 1.84369e+07
-3.68419e+08, 9.77413e+07, -3.19195e+06
-2.14368e+07, -3.64786e+08, -1.68797e+07
3.63067e+08, 5.22221e+07, 9.80714e+06
-1.27009e+08, 3.62546e+08, 1.36625e+07
-3.25802e+08, -1.9141e+08, -1.53271e+07
2.45253e+08, -2.71302e+08, -7.17603e+06
2.25917e+08, 3.04447e+08, 1.83158e+07
-3.50788e+08, 1.67433e+08, 287845
-9.08197e+07, -3.61973e+08, -1.81721e+07
3.72493e+08, -1.62834e+07, 6.92565e+06
-5.87071e+07, 3.86037e+08, 1.61075e+07
-3.63332e+08, -1.30419e+08, -1.33612e+07
1.94144e+08, -3.18001e+08, -1.03186e+07
2.82661e+08, 2.61236e+08, 1.75393e+07
-3.19711e+08, 2.33735e+08, 3.88863e+06
-1.59841e+08, -3.45896e+08, -1.88634e+07
3.68927e+08, -8.64551e+07, 3.70514e+06
1.39523e+07, 3.9639e+08, 1.80545e+07
-3.89187e+08, -6.21021e+07, -1.08314e+07
1.3411e+08, -3.5504e+08, -1.32102e+07
3.31032e+08, 2.07405e+08, 1.6118e+07
-2.75878e+08, 2.93998e+08, 7.47857e+06
-2.25935e+08, -3.16584e+08, -1.89033e+07
3.52081e+08, -1.55844e+08, 249021
8.83976e+07, 3.92846e+08, 1.94176e+07
-4.01927e+08, 1.12398e+07, -7.81131e+06
6.69929e+07, -3.80693e+08, -1.57365e+07
3.69041e+08, 1.44581e+08, 1.40839e+07
-2.20506e+08, 3.45776e+08, 1.09242e+07
-2.86536e+08, -2.74613e+08, -1.82659e+07
3.22126e+08, -2.21912e+08, -3.32596e+06
1.61941e+08, 3.75116e+08, 2.01296e+07
-4.00581e+08, 8.70692e+07, -4.3942e+06
-5.03078e+06, -3.93628e+08, -1.77941e+07
3.95022e+08, 7.48054e+07, 1.14942e+07
-1.55286e+08, 3.86828e+08, 1.40918e+07
-3.39194e+08, -2.21011e+08, -1.69475e+07
2.79729e+08, -2.8221e+08, -6.89689e+06
2.31842e+08, 3.43481e+08, 2.01475e+07
-3.84666e+08, 1.62614e+08, -693708
-7.95414e+07, -3.92891e+08, -1.92915e+07
4.07718e+08, 376893, 8.42565e+06
-8.23533e+07, 4.1531e+08, 1.68564e+07
-3.81648e+08, -1.57329e+08, -1.49717e+07
2.26003e+08, -3.34375e+08, -1.0336e+07
2.95463e+08, 2.98701e+08, 1.94515e+07
-3.54266e+08, 2.35067e+08, 3.16349e+06
-1.53918e+08, -3.7804e+08, -2.01557e+07
4.06296e+08, -7.61428e+07, 4.97527e+06
-4.16536e+06, 4.29769e+08, 1.91035e+07
-4.11963e+08, -8.55207e+07, -1.23862e+07
1.62523e+08, -3.76302e+08, -1.35173e+07
3.50314e+08, 2.42083e+08, 1.80492e+07
-3.10007e+08, 3.01599e+08, 7.03923e+06
-2.25478e+08, -3.49083e+08, -2.0333e+07
3.90443e+08, -1.52094e+08, 1.25508e+06
7.65199e+07, 4.2929e+08, 2.07366e+07
-4.28553e+08, -7.95048e+06, -9.26436e+06
9.12362e+07, -4.06161e+08, -1.63198e+07
3.94204e+08, 1.75355e+08, 1.59727e+07
-2.53087e+08, 3.59561e+08, 1.07915e+07
-2.91518e+08, -3.06587e+08, -1.97937e+07
3.6032e+08, -2.24735e+08, -2.6098e+06
1.56829e+08, 4.13456e+08, 2.16791e+07
-4.30338e+08, 7.27509e+07, -5.70114e+06
1.44604e+07, -4.22527e+08, -1.86328e+07
4.25254e+08, 1.00685e+08, 1.32801e+07
-1.85189e+08, 4.06523e+08, 1.42783e+07
-3.49478e+08, -2.51602e+08, -1.85325e+07
3.16634e+08, -2.91405e+08, -6.48655e+06
2.33792e+08, 3.8245e+08, 2.18786e+07
-4.16712e+08, 1.53708e+08, -1.81201e+06
-6.52627e+07, -4.2438e+08, -2.03593e+07
4.42058e+08, 2.05427e+07, 1.00522e+07
-1.08505e+08, 4.40424e+08, 1.73638e+07
-3.96956e+08, -1.85692e+08, -1.65704e+07
2.60558e+08, -3.49571e+08, -1.02386e+07
3.04541e+08, 3.36995e+08, 2.13088e+07
-3.87671e+08, 2.31969e+08, 2.27203e+06
-1.45167e+08, -4.11219e+08, -2.14205e+07
4.43644e+08, -6.23236e+07, 6.39113e+06
-2.5563e+07, 4.59618e+08, 1.99237e+07
-4.31908e+08, -1.10856e+08, -1.39547e+07
1.93779e+08, -3.96955e+08, -1.37305e+07
3.66322e+08, 2.7838e+08, 1.9971e+07
-3.43745e+08, 3.0457e+08, 6.40859e+06
-2.22437e+08, -3.83041e+08, -2.1759e+07
4.29612e+08, -1.45028e+08, 2.41683e+06
6.07512e+07, 4.62982e+08, 2.18495e+07
-4.52618e+08, -2.95036e+07, -1.07573e+07
1.18345e+08, -4.3159e+08, -1.68328e+07
4.16709e+08, 2.08396e+08, 1.78946e+07
-2.86085e+08, 3.68673e+08, 1.04486e+07
-2.94217e+08, -3.40381e+08, -2.13404e+07
4.00072e+08, -2.24623e+08, -1.73776e+06
1.47406e+08, 4.49945e+08, 2.30544e+07
-4.57885e+08, 5.56483e+07, -7.07471e+06
3.6717e+07, -4.51927e+08, -1.94264e+07
4.5358e+08, 1.29294e+08, 1.51363e+07
-2.16333e+08, 4.2167e+08, 1.4243e+07
-3.57818e+08, -2.84311e+08, -2.01572e+07
3.55738e+08, -2.98209e+08, -5.92964e+06
2.31226e+08, 4.20532e+08, 2.34747e+07
-4.46989e+08, 1.41651e+08, -3.02295e+06
-4.84166e+07, -4.56867e+08, -2.14076e+07
4.75316e+08, 4.37023e+07, 1.17793e+07
-1.36684e+08, 4.61285e+08, 1.76463e+07
-4.10693e+08, -2.16407e+08, -1.82276e+07
2.97803e+08, -3.63048e+08, -1.00129e+07
3.09121e+08, 3.75383e+08, 2.30756e+07
-4.19826e+08, 2.25424e+08, 1.26361e+06
-1.3413e+08, -4.45817e+08, -2.26902e+07
4.80769e+08, -4.54686e+07, 7.92896e+06
-4.97083e+07, 4.85679e+08, 2.05247e+07
-4.50656e+08, -1.3872e+08, -1.55979e+07
2.28027e+08, -4.16649e+08, -1.3841e+07
3.78085e+08, 3.15717e+08, 2.18497e+07
-3.76823e+08, 3.0389e+08, 5.63963e+06
-2.17449e+08, -4.18752e+08, -2.3212e+07
4.69396e+08, -1.35101e+08, 3.71187e+06
4.16278e+07, 4.93504e+08, 2.27582e+07
-4.7587e+08, -5.3704e+07, -1.23395e+07
1.48565e+08, -4.56868e+08, -1.7275e+07
4.35429e+08, 2.43331e+08, 1.98215e+07
-3.19056e+08, 3.74044e+08, 9.95022e+06
-2.95355e+08, -3.76175e+08, -2.29336e+07
4.412e+08, -2.2203e+08, -731703
1.34169e+08, 4.84009e+08, 2.4249e+07
-4.8501e+08, 3.58308e+07, -8.54955e+06
6.20019e+07, -4.81964e+08, -2.01846e+07
4.78776e+08, 1.60506e+08, 1.70432e+07
-2.48115e+08, 4.33119e+08, 1.40405e+07
-3.64985e+08, -3.19173e+08, -2.18442e+07
3.96838e+08, -3.03091e+08, -5.24851e+06
2.24571e+08, 4.57024e+08, 2.49215e+07
-4.77236e+08, 1.26863e+08, -4.34512e+06
-2.88096e+07, -4.90722e+08, -2.24573e+07
5.06244e+08, 6.99897e+07, 1.35975e+07
-1.66157e+08, 4.78622e+08, 1.77561e+07
-4.23649e+08, -2.4934e+08, -1.99595e+07
3.37503e+08, -3.753e+08, -9.68219e+06
3.09529e+08, 4.13051e+08, 2.47302e+07
-4.52328e+08, 2.16186e+08, 136496
-1.20766e+08, -4.82423e+08, -2.39978e+07
5.16455e+08, -2.5179e+07, 9.5907e+06
-7.57693e+07, 5.08525e+08, 2.09542e+07
-4.69002e+08, -1.68798e+08, -1.73252e+07
2.64982e+08, -4.35888e+08, -1.38737e+07
3.85807e+08, 3.53191e+08, 2.36575e+07
-4.10627e+08, 3.00599e+08, 4.74668e+06
-2.10692e+08, -4.56972e+08, -2.47362e+07
5.08661e+08, -1.21672e+08, 5.15403e+06
2.00365e+07, 5.21245e+08, 2.35036e+07
-4.99067e+08, -8.00517e+07, -1.40116e+07
1.81536e+08, -4.82491e+08, -1.76719e+07
4.50429e+08, 2.79202e+08, 2.17201e+07
-3.53107e+08, 3.76927e+08, 9.32495e+06
-2.95378e+08, -4.14827e+08, -2.46269e+07
4.82711e+08, -2.16097e+08, 434141
1.17998e+08, 5.15829e+08, 2.52951e+07
-5.12379e+08, 1.39887e+07, -1.01172e+07
8.98775e+07, -5.13129e+08, -2.0934e+07
5.00752e+08, 1.93345e+08, 1.89637e+07
-2.81314e+08, 4.42237e+08, 1.371e+07
-3.71741e+08, -3.57083e+08, -2.36548e+07
4.39132e+08, -3.05015e+08, -4.40635e+06
2.14643e+08, 4.91902e+08, 2.62414e+07
-5.07984e+08, 1.102e+08, -5.76075e+06
-6.95718e+06, -5.26403e+08, -2.35352e+07
5.34601e+08, 9.84365e+07, 1.54676e+07
-1.97367e+08, 4.93833e+08, 1.77393e+07
-4.36904e+08, -2.85342e+08, -2.18316e+07
3.79078e+08, -3.85165e+08, -9.20001e+06
3.0646e+08, 4.49805e+08, 2.62852e+07
-4.85532e+08, 2.05241e+08, -1.08269e+06
-1.0567e+08, -5.2144e+08, -2.53692e+07
5.5033e+08, -2.37574e+06, 1.1337e+07
-1.0387e+08, 5.29482e+08, 2.12608e+07
-4.88322e+08, -2.01795e+08, -1.92013e+07
3.04318e+08, -4.53467e+08, -1.37748e+07
3.90009e+08, 3.90488e+08, 2.53983e+07
-4.4529e+08, 2.95772e+08, 3.76398e+06
-2.02833e+08, -4.98037e+08, -2.63564e+07
5.46919e+08, -1.05588e+08, 6.70532e+06
-3.8608e+06, 5.47391e+08, 2.4133e+07
-5.23846e+08, -1.09027e+08, -1.58341e+07
2.17183e+08, -5.07267e+08, -1.79656e+07
4.62039e+08, 3.15619e+08, 2.35871e+07
-3.88139e+08, 3.78443e+08, 8.61321e+06
-2.95011e+08, -4.56579e+08, -2.64429e+07
5.24018e+08, -2.07584e+08, 1.72445e+06
9.92873e+07, 5.46397e+08, 2.62353e+07
-5.41825e+08, -1.00636e+07, -1.18295e+07
1.20495e+08, -5.44308e+08, -2.1615e+07
5.19632e+08, 2.27411e+08, 2.08895e+07
-3.15593e+08, 4.50142e+08, 1.32963e+07
-3.78858e+08, -3.98153e+08, -2.56073e+07
4.81957e+08, -3.04636e+08, -3.4348e+06
2.01999e+08, 5.25921e+08, 2.74691e+07
-5.41184e+08, 9.18295e+07, -7.30925e+06
1.74863e+07, -5.62936e+08, -2.45834e+07
5.60289e+08, 1.28694e+08, 1.73788e+07
-2.29737e+08, 5.07978e+08, 1.7643e+07
-4.51255e+08, -3.24386e+08, -2.38573e+07
4.21798e+08, -3.93173e+08, -8.59334e+06
3.00569e+08, 4.86123e+08, 2.77649e+07
-5.21424e+08, 1.93143e+08, -2.41796e+06
-8.83467e+07, -5.62073e+08, -2.67513e+07
5.82085e+08, 2.27033e+07, 1.31575e+07
-1.33209e+08, 5.49508e+08, 2.14913e+07
-5.09401e+08, -2.37534e+08, -2.12341e+07
3.45257e+08, -4.69787e+08, -1.35661e+07
3.91356e+08, 4.27799e+08, 2.70834e+07
-4.82733e+08, 2.90347e+08, 2.68481e+06
-1.933e+08, -5.41363e+08, -2.80264e+07
5.83685e+08, -8.69085e+07, 8.35901e+06
-2.9078e+07, 5.72739e+08, 2.46901e+07
-5.50948e+08, -1.40305e+08, -1.78085e+07
2.54714e+08, -5.31468e+08, -1.81717e+07
4.70839e+08, 3.52499e+08, 2.54203e+07
-4.25919e+08, 3.79897e+08, 7.82621e+06
-2.93666e+08, -5.01081e+08, -2.83445e+07
5.64504e+08, -1.96307e+08, 3.13987e+06
7.91754e+07, 5.76301e+08, 2.71073e+07
-5.7402e+08, -3.58733e+07, -1.36816e+07
1.53075e+08, -5.75646e+08, -2.22373e+07
5.35834e+08, 2.62387e+08, 2.28052e+07
-3.5248e+08, 4.58454e+08, 1.28282e+07
-3.85785e+08, -4.42253e+08, -2.76747e+07
5.24653e+08, -3.01505e+08, -2.32265e+06
1.87864e+08, 5.59429e+08, 2.86337e+07
-5.7739e+08, 7.23086e+07, -8.97984e+06
4.37607e+07, -6.00361e+08, -2.56063e+07
5.83524e+08, 1.60277e+08, 1.93041e+07
-2.64491e+08, 5.22926e+08, 1.75118e+07
-4.66254e+08, -3.66534e+08, -2.60195e+07
4.65052e+08, -3.98599e+08, -7.83817e+06
2.93102e+08, 5.22096e+08, 2.91878e+07
-5.60425e+08, 1.80527e+08, -3.85352e+06
-6.95164e+07, -6.04272e+08, -2.81433e+07
6.11692e+08, 4.94759e+07, 1.50167e+07
-1.64655e+08, 5.70647e+08, 2.17038e+07
-5.31948e+08, -2.76234e+08, -2.34158e+07
3.8732e+08, -4.83852e+08, -1.32093e+07
3.91051e+08, 4.64971e+08, 2.87201e+07
-5.2323e+08, 2.85006e+08, 1.52908e+06
-1.82759e+08, -5.86797e+08, -2.97401e+07
6.18692e+08, -6.62449e+07, 1.00744e+07
-5.61015e+07, 5.99422e+08, 2.52433e+07
-5.80258e+08, -1.742e+08, -1.99344e+07
2.93852e+08, -5.53879e+08, -1.82384e+07
4.77931e+08, 3.89468e+08, 2.72151e+07
-4.66559e+08, 3.81978e+08, 6.98673e+06
-2.91945e+08, -5.48086e+08, -3.03202e+07
6.03671e+08, -1.82836e+08, 4.63759e+06
5.7563e+07, 6.07668e+08, 2.7986e+07
-6.09059e+08, -6.37779e+07, -1.56783e+07
1.87606e+08, -6.05755e+08, -2.27362e+07
5.50299e+08, 2.97711e+08, 2.46949e+07
-3.91928e+08, 4.6785e+08, 1.23302e+07
-3.93049e+08, -4.89061e+08, -2.98409e+07
5.66503e+08, -2.96078e+08, -1.1113e+06
1.725e+08, 5.94456e+08, 2.98121e+07
-6.16923e+08, 5.13356e+07, -1.07802e+07
7.21645e+07, -6.37165e+08, -2.65274e+07
6.05036e+08, 1.92492e+08, 2.12179e+07
-3.01438e+08, 5.39304e+08, 1.73704e+07
-4.82321e+08, -4.11398e+08, -2.82978e+07
5.07945e+08, -4.01733e+08, -6.97135e+06
2.84627e+08, 5.59577e+08, 3.06282e+07
-6.03061e+08, 1.67192e+08, -5.39699e+06
-4.85371e+07, -6.46483e+08, -2.94597e+07
6.39627e+08, 7.71952e+07, 1.68808e+07
-1.97872e+08, 5.93429e+08, 2.19217e+07
-5.56282e+08, -3.17468e+08, -2.57229e+07
4.29496e+08, -4.95741e+08, -1.27336e+07
3.89889e+08, 5.036e+08, 3.03755e+07
-5.67495e+08, 2.79715e+08, 292399
-1.70212e+08, -6.32848e+08, -3.1407e+07
6.52152e+08, -4.43139e+07, 1.18134e+07
-8.44848e+07, 6.2784e+08, 2.58123e+07
-6.11995e+08, -2.10283e+08, -2.2187e+07
3.33522e+08, -5.74334e+08, -1.81846e+07
4.84256e+08, 4.27845e+08, 2.90288e+07
-5.10925e+08, 3.8487e+08, 6.09639e+06
-2.88505e+08, -5.96249e+08, -3.22785e+07
6.41495e+08, -1.6778e+08, 6.17898e+06
3.49678e+07, 6.40738e+08, 2.88856e+07
-6.47056e+08, -9.33751e+07, -1.7795e+07
2.23034e+08, -6.34231e+08, -2.31189e+07
5.64016e+08, 3.34416e+08, 2.66039e+07
-4.34876e+08, 4.78759e+08, 1.18126e+07
-3.99016e+08, -5.37481e+08, -3.20183e+07
6.07299e+08, -2.88774e+08, 164189
1.5646e+08, 6.31061e+08, 3.10117e+07
-6.59803e+08, 2.92721e+07, -1.26864e+07
1.01731e+08, -6.72725e+08, -2.73419e+07
6.25792e+08, 2.26104e+08, 2.31533e+07
-3.4152e+08, 5.57805e+08, 1.72396e+07
-4.97598e+08, -4.58202e+08, -3.06129e+07
5.50138e+08, -4.02761e+08, -6.02105e+06
2.75698e+08, 5.98455e+08, 3.20864e+07
-6.49278e+08, 1.53435e+08, -7.02637e+06
-2.62352e+07, -6.87885e+08, -3.06836e+07
6.66789e+08, 1.06388e+08, 1.87715e+07
-2.33749e+08, 6.18816e+08, 2.21777e+07
-5.80402e+08, -3.60828e+08, -2.80881e+07
4.714e+08, -5.05364e+08, -1.2157e+07
3.88384e+08, 5.43421e+08, 3.20427e+07
-6.15389e+08, 2.74698e+08, -1.00567e+06
-1.563e+08, -6.78545e+08, -3.29992e+07
6.84833e+08, -2.07705e+07, 1.35872e+07
-1.14984e+08, 6.59199e+08, 2.64423e+07
-6.44116e+08, -2.48534e+08, -2.45137e+07
3.7338e+08, -5.9244e+08, -1.80154e+07
4.90257e+08, 4.67221e+08, 3.08477e+07
-5.58814e+08, 3.88706e+08, 5.17147e+06
-2.83759e+08, -6.44488e+08, -3.41817e+07
6.78562e+08, -1.50928e+08, 7.76621e+06
1.0824e+07, 6.76944e+08, 2.98639e+07
-6.86025e+08, -1.2504e+08, -1.99961e+07
2.59136e+08, -6.60369e+08, -2.33752e+07
5.77334e+08, 3.71982e+08, 2.85119e+07
-4.81089e+08, 4.91214e+08, 1.12877e+07
-4.03848e+08, -5.86369e+08, -3.41614e+07
6.47425e+08, -2.79439e+08, 1.50007e+06
1.39408e+08, 6.70848e+08, 3.23013e+07
-7.042e+08, 5.38356e+06, -1.46809e+07
1.32466e+08, -7.06067e+08, -2.80241e+07
6.46009e+08, 2.60522e+08, 2.50844e+07
-3.84502e+08, 5.78352e+08, 1.71268e+07
-5.11999e+08, -5.05818e+08, -3.29148e+07
5.91812e+08, -4.01493e+08, -4.99328e+06
2.6624e+08, 6.40451e+08, 3.36407e+07
-6.97491e+08, 1.38205e+08, -8.74201e+06
-2.28356e+06, -7.27287e+08, -3.17741e+07
6.93237e+08, 1.36419e+08, 2.06579e+07
-2.72079e+08, 6.46629e+08, 2.24739e+07
-6.03981e+08, -4.0527e+08, -3.04604e+07
5.13032e+08, -5.12429e+08, -1.14838e+07
3.8674e+08, 5.86208e+08, 3.38069e+07
-6.65655e+08, 2.68653e+08, -2.38194e+06
-1.4031e+08, -7.22583e+08, -3.44633e+07
7.16634e+08, 3.75909e+06, 1.53619e+07
-1.47459e+08, 6.93221e+08, 2.71298e+07
-6.76092e+08, -2.88037e+08, -2.68654e+07
4.13311e+08, -6.07769e+08, -1.77306e+07
4.96414e+08, 5.09366e+08, 3.27614e+07
-6.09339e+08, 3.92024e+08, 4.18121e+06
-2.76572e+08, -6.91518e+08, -3.59687e+07
7.14618e+08, -1.32844e+08, 9.3646e+06
-1.48138e+07, 7.15927e+08, 3.09125e+07
-7.25286e+08, -1.58033e+08, -2.2237e+07
2.95746e+08, -6.83566e+08, -2.34979e+07
5.91012e+08, 4.121e+08, 3.05107e+07
-5.30079e+08, 5.03697e+08, 1.07147e+07
-4.05982e+08, -6.34586e+08, -3.62066e+07
6.86499e+08, -2.68539e+08, 2.86292e+06
1.21297e+08, 7.13413e+08, 3.36689e+07
-7.49309e+08, -1.97953e+07, -1.67256e+07
1.64207e+08, -7.36417e+08, -2.8558e+07
6.66702e+08, 2.97302e+08, 2.71018e+07
-4.30275e+08, 5.99467e+08, 1.69855e+07
-5.23572e+08, -5.5335e+08, -3.51421e+07
6.32504e+08, -3.9827e+08, -3.91835e+06
2.56099e+08, 6.85138e+08, 3.52765e+07
-7.46817e+08, 1.21822e+08, -1.05137e+07
2.32261e+07, -7.6376e+08, -3.27062e+07
7.20199e+08, 1.68665e+08, 2.26271e+07
-3.131e+08, 6.75539e+08, 2.27631e+07
-6.2474e+08, -4.5025e+08, -3.27862e+07
5.53878e+08, -5.17112e+08, -1.07393e+07
3.84711e+08, 6.31543e+08, 3.56529e+07
-7.17386e+08, 2.61683e+08, -3.81543e+06
-1.22204e+08, -7.63887e+08, -3.57652e+07
7.48949e+08, 3.04365e+07, 1.72186e+07
-1.8244e+08, 7.2882e+08, 2.78323e+07
-7.05385e+08, -3.28682e+08, -2.92009e+07
4.52802e+08, -6.2031e+08, -1.73484e+07
5.0239e+08, 5.53898e+08, 3.47551e+07
-6.61616e+08, 3.94703e+08, 3.13625e+06
-2.66744e+08, -7.36148e+08, -3.75964e+07
7.51171e+08, -1.12589e+08, 1.10478e+07
-4.26944e+07, 7.56916e+08, 3.19977e+07
-7.6214e+08, -1.9274e+08, -2.44938e+07
3.32413e+08, -7.03619e+08, -2.34966e+07
6.04615e+08, 4.54442e+08, 3.25863e+07
-5.81044e+08, 5.1589e+08, 1.00934e+07
-4.0501e+08, -6.80878e+08, -3.81034e+07
7.26066e+08, -2.55349e+08, 4.31813e+06
1.01268e+08, 7.58349e+08, 3.50939e+07
-7.92424e+08, -4.71914e+07, -1.8818e+07
1.96636e+08, -7.63377e+08, -2.8944e+07
6.87351e+08, 3.36191e+08, 2.91937e+07
-4.78182e+08, 6.20665e+08, 1.68053e+07
-5.31681e+08, -5.99539e+08, -3.72393e+07
6.73762e+08, -3.92568e+08, -2.73893e+06
2.44397e+08, 7.325e+08, 3.69891e+07
-7.94669e+08, 1.02812e+08, -1.23636e+07
5.01543e+07, -7.96761e+08, -3.34714e+07
7.4709e+08, 2.02968e+08, 2.46704e+07
-3.5634e+08, 7.04929e+08, 2.30257e+07
-6.41818e+08, -4.94573e+08, -3.50075e+07
5.95461e+08, -5.19065e+08, -9.87382e+06
3.81508e+08, 6.79769e+08, 3.75928e+07
-7.68262e+08, 2.51809e+08, -5.35415e+06
-1.01884e+08, -8.0183e+08, -3.68886e+07
7.81133e+08, 5.9202e+07, 1.91522e+07
-2.19644e+08, 7.65303e+08, 2.85228e+07
-7.30939e+08, -3.69405e+08, -3.14635e+07
4.9332e+08, -6.29873e+08, -1.68265e+07
5.07584e+08, 6.01479e+08, 3.68577e+07
-7.13715e+08, 3.94335e+08, 1.9638e+06
-2.53912e+08, -7.7772e+08, -3.90429e+07
7.87559e+08, -9.01341e+07, 1.28149e+07
-7.27338e+07, 7.99188e+08, 3.30876e+07
-7.95362e+08, -2.28268e+08, -2.67136e+07
3.70527e+08, -7.20489e+08, -2.33363e+07
6.17826e+08, 4.99923e+08, 3.47836e+07
-6.32528e+08, 5.25058e+08, 9.32873e+06
-4.00295e+08, -7.24631e+08, -3.98266e+07
7.65482e+08, -2.39754e+08, 5.8689e+06
7.92224e+07, 8.04932e+08, 3.6541e+07
-8.3219e+08, -7.61156e+07, -2.09115e+07
2.31052e+08, -7.87031e+08, -2.91532e+07
7.07978e+08, 3.78266e+08, 3.14184e+07
-5.27292e+08, 6.39023e+08, 1.64732e+07
-5.35405e+08, -6.4389e+08, -3.91806e+07
7.14967e+08, -3.84201e+08, -1.4482e+06
2.30876e+08, 7.81846e+08, 3.87419e+07
-8.39602e+08, 8.1629e+07, -1.42535e+07
7.96909e+07, -8.26439e+08, -3.40453e+07
7.74318e+08, 2.4047e+08, 2.68562e+07
-4.01424e+08, 7.31823e+08, 2.31359e+07
-6.54012e+08, -5.37914e+08, -3.71005e+07
6.37206e+08, -5.18061e+08, -8.87783e+06
3.76725e+08, 7.30275e+08, 3.95908e+07
-8.16796e+08, 2.39235e+08, -6.96977e+06
-7.8265e+07, -8.3659e+08, -3.78118e+07
8.13989e+08, 9.11698e+07, 2.12377e+07
-2.59236e+08, 7.99775e+08, 2.90685e+07
-7.51317e+08, -4.10134e+08, -3.36351e+07
5.34347e+08, -6.36182e+08, -1.61527e+07
5.11469e+08, 6.51596e+08, 3.90362e+07
-7.64167e+08, 3.90884e+08, 681100
-2.37067e+08, -8.16414e+08, -4.02875e+07
8.24955e+08, -6.44856e+07, 1.47431e+07
-1.05601e+08, 8.40059e+08, 3.40481e+07
-8.23331e+08, -2.64881e+08, -2.88881e+07
4.0961e+08, -7.33855e+08, -2.30026e+07
6.30027e+08, 5.48164e+08, 3.70741e+07
-6.83152e+08, 5.30933e+08, 8.42624e+06
-3.90879e+08, -7.65994e+08, -4.13546e+07
8.0625e+08, -2.20978e+08, 7.59002e+06
5.40542e+07, 8.50808e+08, 3.78813e+07
-8.6689e+08, -1.07215e+08, -2.30117e+07
2.6703e+08, -8.07024e+08, -2.9169e+07
7.27899e+08, 4.23288e+08, 3.37529e+07
-5.76345e+08, 6.54071e+08, 1.59834e+07
-5.33834e+08, -6.86532e+08, -4.09438e+07
7.57888e+08, -3.72678e+08, 21974.2
2.14094e+08, 8.31232e+08, 4.04164e+07
-8.79924e+08, 5.72204e+07, -1.62055e+07
1.11473e+08, -8.52419e+08, -3.44101e+07
8.01178e+08, 2.81071e+08, 2.91682e+07
-4.47247e+08, 7.55586e+08, 2.30775e+07
-6.6044e+08, -5.80393e+08, -3.90428e+07
6.81045e+08, -5.13959e+08, -7.6943e+06
3.68718e+08, 7.81582e+08, 4.15434e+07
-8.6142e+08, 2.22496e+08, -8.70335e+06
-5.1651e+07, -8.67781e+08, -3.8516e+07
8.46831e+08, 1.26361e+08, 2.34651e+07
-3.00288e+08, 8.31466e+08, 2.94439e+07
-7.65648e+08, -4.50974e+08, -3.56929e+07
5.77884e+08, -6.39494e+08, -1.52844e+07
5.12318e+08, 7.03246e+08, 4.12047e+07
-8.11606e+08, 3.82509e+08, -771834
-2.16461e+08, -8.51855e+08, -4.13109e+07
8.62715e+08, -3.55264e+07, 1.6828e+07
-1.40539e+08, 8.78652e+08, 3.48457e+07
-8.45189e+08, -3.02663e+08, -3.09939e+07
4.51637e+08, -7.44364e+08, -2.24693e+07
6.39552e+08, 5.98612e+08, 3.93916e+07
-7.31825e+08, 5.31343e+08, 7.30733e+06
-3.76947e+08, -8.04605e+08, -4.26683e+07
8.47779e+08, -1.98855e+08, 9.48117e+06
2.63488e+07, 8.95038e+08, 3.90748e+07
-8.95648e+08, -1.40571e+08, -2.50945e+07
3.06414e+08, -8.24365e+08, -2.89826e+07
7.45639e+08, 4.7111e+08, 3.61513e+07
-6.24602e+08, 6.63361e+08, 1.524e+07
-5.27077e+08, -7.27115e+08, -4.25094e+07
8.01997e+08, -3.57804e+08, 1.67442e+06
1.94458e+08, 8.79684e+08, 4.19673e+07
-9.14705e+08, 2.95131e+07, -1.81944e+07
1.47143e+08, -8.76032e+08, -3.45732e+07
8.2647e+08, 3.24955e+08, 3.15791e+07
-4.93467e+08, 7.73566e+08, 2.27385e+07
-6.61133e+08, -6.2169e+08, -4.08144e+07
7.265e+08, -5.06544e+08, -6.31816e+06
3.57723e+08, 8.32726e+08, 4.34025e+07
-9.01142e+08, 2.01502e+08, -1.05294e+07
-2.06601e+07, -8.96964e+08, -3.90226e+07
8.78814e+08, 1.65174e+08, 2.58227e+07
-3.42906e+08, 8.57629e+08, 2.95244e+07
-7.73876e+08, -4.91658e+08, -3.76172e+07
6.23487e+08, -6.39577e+08, -1.42149e+07
5.1022e+08, 7.55519e+08, 4.33147e+07
-8.54978e+08, 3.69076e+08, -2.37037e+06
-1.91015e+08, -8.85766e+08, -4.21469e+07
9.00387e+08, -2.74942e+06, 1.90697e+07
-1.78127e+08, 9.12226e+08, 3.53467e+07
-8.60799e+08, -3.41408e+08, -3.3012e+07
4.96192e+08, -7.51789e+08, -2.17289e+07
6.4635e+08, 6.5044e+08, 4.16888e+07
-7.77433e+08, 5.26088e+08, 5.99442e+06
-3.57752e+08, -8.42283e+08, -4.38107e+07
8.89993e+08, -1.72883e+08, 1.15494e+07
-4.934e+06, 9.34995e+08, 3.99834e+07
-9.1827e+08, -1.76067e+08, -2.7143e+07
3.48788e+08, -8.38818e+08, -2.85859e+07
7.61042e+08, 5.20984e+08, 3.85678e+07
-6.70907e+08, 6.66614e+08, 1.4262e+07
-5.14722e+08, -7.67474e+08, -4.39272e+07
8.47554e+08, -3.3921e+08, 3.51745e+06
1.70512e+08, 9.24793e+08, 4.3257e+07
-9.43706e+08, -1.48478e+06, -2.02064e+07
1.86257e+08, -8.97047e+08, -3.4527e+07
8.49956e+08, 3.71455e+08, 3.40453e+07
-5.38898e+08, 7.85375e+08, 2.21336e+07
-6.56018e+08, -6.63565e+08, -4.24684e+07
7.74119e+08, -4.95685e+08, -4.74532e+06
3.41935e+08, 8.81591e+08, 4.50354e+07
-9.35693e+08, 1.76141e+08, -1.24377e+07
1.42248e+07, -9.23919e+08, -3.93254e+07
9.09618e+08, 2.07005e+08, 2.82688e+07
-3.85881e+08, 8.77747e+08, 2.93189e+07
-7.76229e+08, -5.33803e+08, -3.94608e+07
6.7189e+08, -6.3661e+08, -1.2949e+07
5.03115e+08, 8.06637e+08, 4.52415e+07
-8.94008e+08, 3.50333e+08, -4.10898e+06
-1.61265e+08, -9.17908e+08, -4.27893e+07
9.37577e+08, 3.32964e+07, 2.14285e+07
-2.17159e+08, 9.40111e+08, 3.55529e+07
-8.70614e+08, -3.82522e+08, -3.49908e+07
5.44097e+08, -7.56675e+08, -2.07991e+07
6.48196e+08, 7.02245e+08, 4.38519e+07
-8.19709e+08, 5.14748e+08, 4.48705e+06
-3.33902e+08, -8.78734e+08, -4.47751e+07
9.32447e+08, -1.43555e+08, 1.37566e+07
-3.86218e+07, 9.69847e+08, 4.06007e+07
-9.3535e+08, -2.14849e+08, -2.91973e+07
3.94973e+08, -8.51312e+08, -2.80118e+07
7.71811e+08, 5.7189e+08, 4.09023e+07
-7.15038e+08, 6.63241e+08, 1.30418e+07
-4.97428e+08, -8.07241e+08, -4.51882e+07
8.94059e+08, -3.1732e+08, 5.51538e+06
1.43374e+08, 9.65566e+08, 4.42706e+07
-9.67591e+08, -3.66522e+07, -2.22718e+07
2.29528e+08, -9.16745e+08, -3.43209e+07
8.69358e+08, 4.19928e+08, 3.64818e+07
-5.83418e+08, 7.9026e+08, 2.12472e+07
-6.45774e+08, -7.05531e+08, -4.39914e+07
8.2336e+08, -4.8174e+08, -3.00855e+06
3.2237e+08, 9.27036e+08, 4.64178e+07
-9.65715e+08, 1.45796e+08, -1.44477e+07
5.34946e+07, -9.50245e+08, -3.94898e+07
9.37071e+08, 2.51579e+08, 3.0734e+07
-4.29242e+08, 8.90929e+08, 2.88038e+07
-7.73378e+08, -5.76784e+08, -4.12043e+07
7.22517e+08, -6.30878e+08, -1.15165e+07
4.91889e+08, 8.55318e+08, 4.69519e+07
-9.29263e+08, 3.25911e+08, -5.99588e+06
-1.27015e+08, -9.50133e+08, -4.33192e+07
9.72279e+08, 7.26445e+07, 2.38497e+07
-2.57842e+08, 9.61326e+08, 3.54337e+07
-8.75281e+08, -4.25245e+08, -3.69042e+07
5.94736e+08, -7.59231e+08, -1.97068e+07
6.45818e+08, 7.52623e+08, 4.5839e+07
-8.59101e+08, 4.97169e+08, 2.78774e+06
-3.05568e+08, -9.15965e+08, -4.5655e+07
9.73364e+08, -1.10602e+08, 1.60619e+07
-7.5137e+07, 9.98559e+08, 4.08902e+07
-9.47466e+08, -2.5602e+08, -3.12244e+07
4.4429e+08, -8.61998e+08, -2.72854e+07
7.78473e+08, 6.22324e+08, 4.31037e+07
-7.57275e+08, 6.53251e+08, 1.15915e+07
-4.75779e+08, -8.48472e+08, -4.6395e+07
9.39984e+08, -2.91708e+08, 7.63775e+06
1.124e+08, 1.00094e+09, 4.49662e+07
-9.86845e+08, -7.49672e+07, -2.435e+07
2.76217e+08, -9.35212e+08, -3.39778e+07
8.84973e+08, 4.68786e+08, 3.88289e+07
-6.27087e+08, 7.88343e+08, 2.00994e+07
-6.31397e+08, -7.49601e+08, -4.54911e+07
8.72945e+08, -4.64216e+08, -1.13115e+06
2.98153e+08, 9.68008e+08, 4.75036e+07
-9.91568e+08, 1.11574e+08, -1.65119e+07
9.63276e+07, -9.75934e+08, -3.95367e+07
9.61233e+08, 2.97257e+08, 3.31517e+07
-4.72818e+08, 8.97321e+08, 2.80042e+07
-7.66693e+08, -6.22456e+08, -4.29549e+07
7.74335e+08, -6.21916e+08, -9.93736e+06
4.75427e+08, 9.00566e+08, 4.8397e+07
-9.60943e+08, 2.9696e+08, -7.9781e+06
-8.91598e+07, -9.82319e+08, -4.37536e+07
1.0043e+09, 1.13659e+08, 2.62616e+07
-2.99756e+08, 9.75956e+08, 3.5016e+07
-8.76489e+08, -4.71194e+08, -3.88552e+07
6.47288e+08, -7.59077e+08, -1.84714e+07
6.3786e+08, 8.00673e+08, 4.75998e+07
-8.95631e+08, 4.74508e+08, 953801
-2.73686e+08, -9.53717e+08, -4.64629e+07
1.01231e+09, -7.56058e+07, 1.83909e+07
-1.13835e+08, 1.02108e+09, 4.08762e+07
-9.56543e+08, -3.00898e+08, -3.33188e+07
4.96068e+08, -8.7063e+08, -2.64287e+07
7.79472e+08, 6.71552e+08, 4.51238e+07
-7.97471e+08, 6.37754e+08, 9.9706e+06
-4.50717e+08, -8.90734e+08, -4.7553e+07
9.84687e+08, -2.63859e+08, 9.81054e+06
7.84061e+07, 1.03068e+09, 4.53627e+07
-1.00355e+09, -1.17399e+08, -2.65241e+07
3.25744e+08, -9.5237e+08, -3.35243e+07
8.95064e+08, 5.1752e+08, 4.10428e+07
-6.69596e+08, 7.80647e+08, 1.87503e+07
-6.1382e+08, -7.95167e+08, -4.69653e+07
9.22048e+08, -4.44448e+08, 815598
2.70216e+08, 1.00402e+09, 4.83031e+07
-1.01541e+09, 7.28967e+07, -1.86989e+07
1.42177e+08, -1.00108e+09, -3.94986e+07
9.80246e+08, 3.43791e+08, 3.54855e+07
-5.16164e+08, 8.97833e+08, 2.69788e+07
-7.57057e+08, -6.70025e+08, -4.47025e+07
8.26336e+08, -6.10886e+08, -8.27862e+06
4.54705e+08, 9.41633e+08, 4.95757e+07
-9.91209e+08, 2.63299e+08, -1.01081e+07
-4.83003e+07, -1.01471e+09, -4.41316e+07
1.03173e+09, 1.56375e+08, 2.8637e+07
-3.42369e+08, 9.84766e+08, 3.43549e+07
-8.75047e+08, -5.19381e+08, -4.08244e+07
7.00597e+08, -7.57177e+08, -1.71543e+07
6.25258e+08, 8.45369e+08, 4.91201e+07
-9.31358e+08, 4.46978e+08, -1.04946e+06
-2.38981e+08, -9.92378e+08, -4.72446e+07
1.04735e+09, -3.82466e+07, 2.07265e+07
-1.54133e+08, 1.038e+09, 4.06084e+07
-9.63301e+08, -3.4831e+08, -3.54516e+07
5.4903e+08, -8.7794e+08, -2.54954e+07
7.75623e+08, 7.18272e+08, 4.6934e+07
-8.37502e+08, 6.17313e+08, 8.16195e+06
-4.2314e+08, -9.3451e+08, -4.87143e+07
1.02626e+09, -2.33201e+08, 1.20261e+07
4.19667e+07, 1.05518e+09, 4.55024e+07
-1.01828e+09, -1.62613e+08, -2.87559e+07
3.76736e+08, -9.68696e+08, -3.30052e+07
9.0026e+08, 5.64575e+08, 4.30801e+07
-7.12566e+08, 7.68015e+08, 1.71985e+07
-5.94146e+08, -8.42744e+08, -4.84705e+07
9.68844e+08, -4.21625e+08, 2.83417e+06
2.3906e+08, 1.03529e+09, 4.88496e+07
-1.03764e+09, 3.1241e+07, -2.09613e+07
1.89633e+08, -1.02591e+09, -3.94101e+07
9.94468e+08, 3.89429e+08, 3.76776e+07
-5.60586e+08, 8.9349e+08, 2.5739e+07
-7.45802e+08, -7.2e+08, -4.65063e+07
8.76824e+08, -5.96758e+08, -6.52761e+06
4.30107e+08, 9.78575e+08, 5.05129e+07
-1.02022e+09, 2.26492e+08, -1.233e+07
-5.81713e+06, -1.04728e+09, -4.44763e+07
1.05461e+09, 1.98889e+08, 3.09055e+07
-3.86652e+08, 9.88887e+08, 3.34718e+07
-8.72502e+08, -5.70249e+08, -4.28717e+07
7.53135e+08, -7.52316e+08, -1.57325e+07
6.08241e+08, 8.86663e+08, 5.0417e+07
-9.66188e+08, 4.16172e+08, -3.15983e+06
-2.02758e+08, -1.03168e+09, -4.80117e+07
1.07821e+09, -481580, 2.29888e+07
-1.96673e+08, 1.05046e+09, 4.01143e+07
-9.69483e+08, -3.98551e+08, -3.76801e+07
6.01869e+08, -8.82574e+08, -2.4453e+07
7.66972e+08, 7.62389e+08, 4.85456e+07
-8.76999e+08, 5.93499e+08, 6.23205e+06
-3.9423e+08, -9.79317e+08, -4.98793e+07
1.06407e+09, -2.01655e+08, 1.4199e+07
2.76331e+06, 1.07554e+09, 4.54159e+07
-1.03296e+09, -2.10708e+08, -3.10971e+07
4.28127e+08, -9.82733e+08, -3.23792e+07
9.00428e+08, 6.0986e+08, 4.49486e+07
-7.55374e+08, 7.51946e+08, 1.55129e+07
-5.73402e+08, -8.91668e+08, -4.99969e+07
1.01234e+09, -3.97552e+08, 4.83705e+06
2.04657e+08, 1.0628e+09, 4.91741e+07
-1.06028e+09, -1.32386e+07, -2.33423e+07
2.37863e+08, -1.04893e+09, -3.92233e+07
1.00359e+09, 4.34147e+08, 3.97348e+07
-6.05234e+08, 8.85668e+08, 2.43533e+07
-7.33796e+08, -7.71537e+08, -4.83463e+07
9.24494e+08, -5.81133e+08, -4.76973e+06
4.0184e+08, 1.01221e+09, 5.12366e+07
-1.05007e+09, 1.86987e+08, -1.46763e+07
