-3.22017e+08, -5.85035e+08, -3.11572e+07
6.43438e+08, -2.11179e+08, 2.45138e+06
9.49357e+07, 6.6418e+08, 3.04915e+07
-6.63187e+08, -5.03823e+07, -1.41416e+07
1.91032e+08, -6.45514e+08, -2.4524e+07
6.06429e+08, 2.98492e+08, 2.38686e+07
-4.05335e+08, 5.29337e+08, 1.56251e+07
-4.26134e+08, -5.13612e+08, -2.9938e+07
5.9292e+08, -3.26793e+08, -3.46592e+06
2.1778e+08, 6.35146e+08, 3.14457e+07
-6.60814e+08, 7.57123e+07, -8.63751e+06
6.70074e+07, -6.69177e+08, -2.77822e+07
6.51744e+08, 1.80698e+08, 1.9583e+07
-2.98566e+08, 5.96428e+08, 2.04536e+07
-5.14968e+08, -4.23949e+08, -2.76546e+07
5.21735e+08, -4.30994e+08, -9.2607e+06
3.33045e+08, 5.83656e+08, 3.12916e+07
-6.34697e+08, 1.99031e+08, -2.8263e+06
-5.92286e+07, -6.69276e+08, -3.00602e+07
6.74347e+08, 5.65221e+07, 1.46127e+07
-1.81025e+08, 6.42248e+08, 2.45552e+07
-5.85329e+08, -3.19237e+08, -2.43876e+07
4.32413e+08, -5.20095e+08, -1.47283e+07
4.36694e+08, 5.11546e+08, 3.00362e+07
-5.85761e+08, 3.15233e+08, 3.08729e+06
-1.83258e+08, -6.45784e+08, -3.12777e+07
6.73427e+08, -6.96452e+07, 9.13285e+06
-5.69388e+07, 6.6518e+08, 2.7784e+07
-6.34748e+08, -2.03168e+08, -2.02522e+07
3.28023e+08, -5.91012e+08, -1.968e+07
5.25053e+08, 4.21349e+08, 2.77231e+07
-5.15787e+08, 4.20097e+08, 8.88899e+06
-3.00713e+08, -5.99542e+08, -3.13925e+07
6.49021e+08, -1.93468e+08, 3.33183e+06
6.93033e+07, 6.64391e+08, 3.00253e+07
-6.61417e+08, -7.99252e+07, -1.53968e+07
2.12254e+08, -6.41258e+08, -2.39422e+07
5.95057e+08, 3.16221e+08, 2.44334e+07
-4.27229e+08, 5.09915e+08, 1.43741e+07
-4.07426e+08, -5.32152e+08, -3.0399e+07
6.01996e+08, -3.10558e+08, -2.58528e+06
1.93224e+08, 6.39926e+08, 3.12004e+07
-6.64387e+08, 4.61669e+07, -9.9915e+06
8.91145e+07, -6.69058e+08, -2.7366e+07
6.44196e+08, 1.99887e+08, 2.02831e+07
-3.23288e+08, 5.81447e+08, 1.93451e+07
-4.99662e+08, -4.45971e+08, -2.83317e+07
5.3395e+08, -4.16876e+08, -8.41485e+06
3.10397e+08, 5.92624e+08, 3.12661e+07
-6.43531e+08, 1.70537e+08, -4.23134e+06
-3.70809e+07, -6.73446e+08, -2.9832e+07
6.70771e+08, 7.63725e+07, 1.54159e+07
-2.07636e+08, 6.32117e+08, 2.36246e+07
-5.7409e+08, -3.44052e+08, -2.52627e+07
4.47291e+08, -5.08684e+08, -1.3952e+07
4.16701e+08, 5.24152e+08, 3.02201e+07
-5.99543e+08, 2.88797e+08, 1.68114e+06
-1.61905e+08, -6.5422e+08, -3.1252e+07
6.73825e+08, -4.99207e+07, 1.00045e+07
-8.44088e+07, 6.60109e+08, 2.70596e+07
-6.2809e+08, -2.29933e+08, -2.12979e+07
3.44999e+08, -5.82772e+08, -1.90045e+07
5.08295e+08, 4.36936e+08, 2.80983e+07
-5.33998e+08, 3.96663e+08, 7.53256e+06
-2.81014e+08, -6.12042e+08, -3.15761e+07
6.53228e+08, -1.74622e+08, 4.2357e+06
4.19806e+07, 6.64363e+08, 2.9525e+07
-6.59681e+08, -1.07711e+08, -1.65785e+07
2.30651e+08, -6.3655e+08, -2.3396e+07
5.81966e+08, 3.3402e+08, 2.49743e+07
-4.49174e+08, 4.90264e+08, 1.31147e+07
-3.90156e+08, -5.48359e+08, -3.07906e+07
6.0971e+08, -2.93311e+08, -1.6863e+06
1.6704e+08, 6.44709e+08, 3.09323e+07
-6.677e+08, 1.83435e+07, -1.12684e+07
1.08226e+08, -6.68094e+08, -2.69717e+07
6.35036e+08, 2.19099e+08, 2.09595e+07
-3.48099e+08, 5.66219e+08, 1.82268e+07
-4.85531e+08, -4.6535e+08, -2.8921e+07
5.44751e+08, -4.01836e+08, -7.55555e+06
2.86226e+08, 6.018e+08, 3.12282e+07
-6.51821e+08, 1.43685e+08, -5.55798e+06
-1.80215e+07, -6.76297e+08, -2.96071e+07
6.65617e+08, 9.61778e+07, 1.61932e+07
-2.34368e+08, 6.21726e+08, 2.26831e+07
-5.63687e+08, -3.65954e+08, -2.6032e+07
4.60633e+08, -4.96381e+08, -1.3166e+07
3.95308e+08, 5.37124e+08, 3.04005e+07
-6.12527e+08, 2.63865e+08, 351816
-1.4363e+08, -6.60811e+08, -3.12067e+07
6.72603e+08, -3.03354e+07, 1.08458e+07
-1.1203e+08, 6.54762e+08, 2.63232e+07
-6.21854e+08, -2.53591e+08, -2.22218e+07
3.60268e+08, -5.73593e+08, -1.83203e+07
4.90283e+08, 4.52998e+08, 2.84771e+07
-5.51186e+08, 3.7455e+08, 6.24912e+06
-2.64251e+08, -6.22139e+08, -3.17139e+07
6.55697e+08, -1.55988e+08, 5.1042e+06
1.44779e+07, 6.64039e+08, 2.90115e+07
-6.57901e+08, -1.32274e+08, -1.7625e+07
2.47158e+08, -6.30765e+08, -2.28383e+07
5.67755e+08, 3.52361e+08, 2.5524e+07
-4.69914e+08, 4.71715e+08, 1.19219e+07
-3.75561e+08, -5.61613e+08, -3.11082e+07
6.15493e+08, -2.7631e+08, -827643
1.40643e+08, 6.49168e+08, 3.06495e+07
-6.70475e+08, -6.24947e+06, -1.24008e+07
1.25286e+08, -6.65816e+08, -2.65586e+07
6.24881e+08, 2.38858e+08, 2.16471e+07
-3.71573e+08, 5.51841e+08, 1.71665e+07
-4.73672e+08, -4.81276e+08, -2.94078e+07
5.5336e+08, -3.87013e+08, -6.73993e+06
2.61814e+08, 6.10618e+08, 3.11739e+07
-6.59069e+08, 1.19978e+08, -6.73457e+06
-1.12532e+06, -6.77502e+08, -2.93508e+07
6.59565e+08, 1.16502e+08, 1.69822e+07
-2.59678e+08, 6.11918e+08, 2.17897e+07
-5.55046e+08, -3.83961e+08, -2.66711e+07
4.71482e+08, -4.84179e+08, -1.2424e+07
3.73633e+08, 5.49695e+08, 3.05623e+07
-6.2398e+08, 2.41889e+08, -826879
-1.27559e+08, -6.65353e+08, -3.11133e+07
6.70529e+08, -1.0291e+07, 1.16969e+07
-1.38196e+08, 6.49725e+08, 2.56235e+07
-6.16765e+08, -2.73021e+08, -2.29904e+07
3.7274e+08, -5.64289e+08, -1.7676e+07
4.7195e+08, 4.68594e+08, 2.88344e+07
-5.66391e+08, 3.55108e+08, 5.11207e+06
-2.49618e+08, -6.29734e+08, -3.17825e+07
6.57309e+08, -1.36967e+08, 5.97929e+06
-1.15852e+07, 6.63761e+08, 2.8523e+07
-6.56577e+08, -1.52386e+08, -1.84945e+07
2.60585e+08, -6.24512e+08, -2.23112e+07
5.53158e+08, 3.7017e+08, 2.60487e+07
-4.8828e+08, 4.55465e+08, 1.08664e+07
-3.6292e+08, -5.71877e+08, -3.13324e+07
6.20351e+08, -2.58978e+08, 33937.4
1.15614e+08, 6.53422e+08, 3.03797e+07
-6.72964e+08, -2.63029e+07, -1.33396e+07
1.39035e+08, -6.62629e+08, -2.61612e+07
6.14242e+08, 2.58004e+08, 2.23052e+07
-3.92365e+08, 5.39312e+08, 1.62295e+07
-4.63461e+08, -4.93737e+08, -2.97751e+07
5.60929e+08, -3.71876e+08, -5.92426e+06
2.38668e+08, 6.19003e+08, 3.1121e+07
-6.65269e+08, 1.00746e+08, -7.70703e+06
1.23333e+07, -6.77258e+08, -2.90897e+07
6.52892e+08, 1.36142e+08, 1.77368e+07
-2.821e+08, 6.03463e+08, 2.10016e+07
-5.47621e+08, -3.98064e+08, -2.71639e+07
4.81134e+08, -4.71622e+08, -1.16829e+07
3.53074e+08, 5.61643e+08, 3.07146e+07
-6.33642e+08, 2.24167e+08, -1.7979e+06
-1.14951e+08, -6.67833e+08, -3.09895e+07
6.67653e+08, 9.01594e+06, 1.25085e+07
-1.6139e+08, 6.45509e+08, 2.50077e+07
-6.12344e+08, -2.88181e+08, -2.3587e+07
3.83837e+08, -5.54531e+08, -1.70313e+07
4.54556e+08, 4.83399e+08, 2.91722e+07
-5.79115e+08, 3.39542e+08, 4.17836e+06
-2.3833e+08, -6.34618e+08, -3.1791e+07
6.57891e+08, -1.18702e+08, 6.81041e+06
-3.46861e+07, 6.63779e+08, 2.80954e+07
-6.55269e+08, -1.67967e+08, -1.91691e+07
2.72467e+08, -6.17624e+08, -2.17786e+07
5.39304e+08, 3.87059e+08, 2.6545e+07
-5.03568e+08, 4.42583e+08, 1.00029e+07
-3.53359e+08, -5.7877e+08, -3.14638e+07
6.23916e+08, -2.4237e+08, 848662
9.34217e+07, 6.57473e+08, 3.0147e+07
-6.74741e+08, -4.17033e+07, -1.4065e+07
1.51082e+08, -6.58559e+08, -2.57503e+07
6.04129e+08, 2.76135e+08, 2.29268e+07
-4.09604e+08, 5.29527e+08, 1.54659e+07
-4.55911e+08, -5.02198e+08, -3.00155e+07
5.66919e+08, -3.57369e+08, -5.1561e+06
2.18156e+08, 6.26722e+08, 3.10818e+07
-6.69982e+08, 8.61345e+07, -8.45372e+06
2.3992e+07, -6.75815e+08, -2.88029e+07
6.46514e+08, 1.54705e+08, 1.84483e+07
-3.00621e+08, 5.97061e+08, 2.0363e+07
-5.42289e+08, -4.07601e+08, -2.74957e+07
4.88917e+08, -4.59514e+08, -1.09865e+07
3.3487e+08, 5.72521e+08, 3.08587e+07
-6.41041e+08, 2.10873e+08, -2.53764e+06
-1.0418e+08, -6.68738e+08, -3.08244e+07
6.64829e+08, 2.72276e+07, 1.32721e+07
-1.80491e+08, 6.42611e+08, 2.45129e+07
-6.09308e+08, -2.98316e+08, -2.39906e+07
3.92784e+08, -5.4497e+08, -1.64251e+07
4.39175e+08, 4.968e+08, 2.94812e+07
-5.88838e+08, 3.28039e+08, 3.47319e+06
-2.28822e+08, -6.37509e+08, -3.17391e+07
6.58286e+08, -1.01499e+08, 7.59092e+06
-5.36452e+07, 6.64371e+08, 2.77576e+07
-6.54523e+08, -1.78204e+08, -1.96226e+07
2.81967e+08, -6.10589e+08, -2.12737e+07
5.27069e+08, 4.02285e+08, 2.69947e+07
-5.15192e+08, 4.33256e+08, 9.35738e+06
-3.45418e+08, -5.83229e+08, -3.15126e+07
6.27059e+08, -2.26731e+08, 1.61285e+06
7.52664e+07, 6.61381e+08, 2.99713e+07
-6.76185e+08, -5.16097e+07, -1.45472e+07
1.60563e+08, -6.53918e+08, -2.53522e+07
5.95208e+08, 2.92434e+08, 2.34875e+07
-4.22641e+08, 5.2265e+08, 1.49016e+07
-4.49705e+08, -5.07789e+08, -3.01494e+07
5.72271e+08, -3.43703e+08, -4.43641e+06
2.01437e+08, 6.33636e+08, 3.10668e+07
-6.7343e+08, 7.69691e+07, -8.94298e+06
3.29848e+07, -6.73315e+08, -2.85098e+07
6.40886e+08, 1.71365e+08, 1.90882e+07
-3.14539e+08, 5.92823e+08, 1.98984e+07
-5.37907e+08, -4.13872e+08, -2.76965e+07
4.95883e+08, -4.48065e+08, -1.03335e+07
3.20095e+08, 5.82018e+08, 3.09954e+07
-6.46258e+08, 2.02792e+08, -3.01411e+06
-9.60762e+07, -6.68047e+08, -3.06299e+07
6.62315e+08, 4.35605e+07, 1.39579e+07
-1.94763e+08, 6.41068e+08, 2.4161e+07
-6.06724e+08, -3.04862e+08, -2.42402e+07
4.00755e+08, -5.35854e+08, -1.58556e+07
4.26763e+08, 5.08348e+08, 2.97545e+07
-5.95528e+08, 3.21314e+08, 3.02749e+06
-2.21868e+08, -6.38243e+08, -3.16317e+07
6.58581e+08, -8.60811e+07, 8.29099e+06
-6.77173e+07, 6.65486e+08, 2.75274e+07
-6.53637e+08, -1.84635e+08, -1.99019e+07
2.90379e+08, -6.03757e+08, -2.07967e+07
5.17281e+08, 4.15313e+08, 2.73843e+07
-5.23025e+08, 4.28115e+08, 8.959e+06
-3.39791e+08, -5.84968e+08, -3.14777e+07
6.29733e+08, -2.12701e+08, 2.29814e+06
6.18865e+07, 6.64998e+08, 2.98656e+07
-6.76837e+08, -5.76091e+07, -1.48391e+07
1.68887e+08, -6.49212e+08, -2.49712e+07
5.88173e+08, 3.06319e+08, 2.39688e+07
-4.31274e+08, 5.19221e+08, 1.45633e+07
-4.45439e+08, -5.10143e+08, -3.01708e+07
5.76828e+08, -3.31418e+08, -3.7911e+06
1.89218e+08, 6.39502e+08, 3.10835e+07
-6.75401e+08, 7.16595e+07, -9.23171e+06
4.08082e+07, -6.70461e+08, -2.82212e+07
6.36596e+08, 1.8552e+08, 1.96352e+07
-3.23599e+08, 5.9119e+08, 1.96315e+07
-5.34959e+08, -4.16457e+08, -2.77568e+07
5.01792e+08, -4.37716e+08, -9.747e+06
3.09402e+08, 5.89805e+08, 3.11274e+07
-6.49312e+08, 1.98382e+08, -3.28576e+06
-8.90918e+07, -6.66703e+08, -3.04254e+07
6.60616e+08, 5.74308e+07, 1.45433e+07
-2.03905e+08, 6.41226e+08, 2.39723e+07
-6.0497e+08, -3.07373e+08, -2.43235e+07
4.07469e+08, -5.27514e+08, -1.5342e+07
4.17892e+08, 5.17653e+08, 2.99898e+07
-5.99409e+08, 3.17926e+08, 2.78372e+06
-2.15913e+08, -6.3803e+08, -3.1499e+07
6.59225e+08, -7.29885e+07, 8.88836e+06
-7.65879e+07, 6.67371e+08, 2.74213e+07
-6.52887e+08, -1.8682e+08, -1.99936e+07
2.97406e+08, -5.97347e+08, -2.03624e+07
5.1042e+08, 4.25717e+08, 2.77082e+07
-5.27471e+08, 4.25841e+08, 8.75267e+06
-3.34968e+08, -5.85491e+08, -3.14018e+07
6.32374e+08, -2.00763e+08, 2.88412e+06
5.35797e+07, 6.68485e+08, 2.98428e+07
-6.76887e+08, -5.92847e+07, -1.4927e+07
1.75774e+08, -6.44555e+08, -2.46175e+07
5.83406e+08, 3.17376e+08, 2.43634e+07
-4.36048e+08, 5.18076e+08, 1.44001e+07
-4.41736e+08, -5.1105e+08, -3.01361e+07
5.81056e+08, -3.20938e+08, -3.2379e+06
1.81755e+08, 6.44409e+08, 3.11415e+07
-6.7602e+08, 7.05879e+07, -9.30695e+06
4.722e+07, -6.67283e+08, -2.79432e+07
6.33929e+08, 1.96785e+08, 2.00811e+07
-3.28458e+08, 5.91164e+08, 1.95164e+07
-5.32274e+08, -4.17425e+08, -2.77478e+07
5.07171e+08, -4.28855e+08, -9.24235e+06
3.02999e+08, 5.95926e+08, 3.12615e+07
-6.50281e+08, 1.97974e+08, -3.34103e+06
-8.34159e+07, -6.64674e+08, -3.0214e+07
6.59945e+08, 6.85048e+07, 1.50208e+07
-2.08658e+08, 6.42254e+08, 2.39067e+07
-6.03154e+08, -3.08152e+08, -2.43264e+07
4.13545e+08, -5.20341e+08, -1.48981e+07
4.12719e+08, 5.24734e+08, 3.01924e+07
-6.00537e+08, 3.18153e+08, 2.75156e+06
-2.11096e+08, -6.36807e+08, -3.13421e+07
6.60376e+08, -6.24898e+07, 9.37716e+06
-8.10438e+07, 6.6937e+08, 2.74057e+07
-6.51726e+08, -1.87242e+08, -1.99968e+07
3.03775e+08, -5.91798e+08, -1.99846e+07
5.06608e+08, 4.33496e+08, 2.79703e+07
-5.28583e+08, 4.26663e+08, 8.74601e+06
-3.3104e+08, -5.84723e+08, -3.12851e+07
6.35102e+08, -1.91132e+08, 3.36637e+06
4.95559e+07, 6.71356e+08, 2.98759e+07
-6.76169e+08, -5.92332e+07, -1.49212e+07
1.8206e+08, -6.40486e+08, -2.43072e+07
5.8101e+08, 3.25584e+08, 2.46742e+07
-4.37026e+08, 5.19397e+08, 1.44179e+07
-4.38638e+08, -5.10437e+08, -3.00457e+07
5.8506e+08, -3.12419e+08, -2.77906e+06
1.78287e+08, 6.48029e+08, 3.12207e+07
-6.75527e+08, 7.11285e+07, -9.2868e+06
5.31543e+07, -6.64477e+08, -2.76965e+07
6.3297e+08, 2.05138e+08, 2.04285e+07
-3.29205e+08, 5.92892e+08, 1.95572e+07
-5.29857e+08, -4.16722e+08, -2.76703e+07
5.12136e+08, -4.21575e+08, -8.81913e+06
3.00185e+08, 6.00187e+08, 3.13843e+07
-6.49818e+08, 1.98989e+08, -3.30285e+06
-7.80341e+07, -6.62862e+08, -3.00236e+07
6.60383e+08, 7.67538e+07, 1.53927e+07
-2.09144e+08, 6.4429e+08, 2.39676e+07
-6.01242e+08, -3.0717e+08, -2.42505e+07
4.19132e+08, -5.1437e+08, -1.45204e+07
4.10622e+08, 5.29519e+08, 3.03549e+07
-5.99952e+08, 3.19551e+08, 2.80741e+06
-2.0638e+08, -6.35721e+08, -3.11988e+07
6.62124e+08, -5.46027e+07, 9.76021e+06
-8.12501e+07, 6.71626e+08, 2.7484e+07
-6.50102e+08, -1.85892e+08, -1.99141e+07
3.09691e+08, -5.87111e+08, -1.96577e+07
5.05304e+08, 4.38679e+08, 2.81687e+07
-5.27759e+08, 4.28344e+08, 8.81808e+06
-3.27007e+08, -5.84093e+08, -3.11778e+07
6.38031e+08, -1.83807e+08, 3.74877e+06
4.96166e+07, 6.73781e+08, 2.99696e+07
-6.74624e+08, -5.74713e+07, -1.48256e+07
1.88022e+08, -6.36992e+08, -2.40331e+07
5.80537e+08, 3.31054e+08, 2.49041e+07
-4.35923e+08, 5.21228e+08, 1.45022e+07
-4.35262e+08, -5.1002e+08, -2.99638e+07
5.88999e+08, -3.05848e+08, -2.40959e+06
1.78584e+08, 6.50585e+08, 3.13282e+07
-6.73868e+08, 7.32453e+07, -9.17645e+06
5.89401e+07, -6.62046e+08, -2.74742e+07
6.33374e+08, 2.10751e+08, 2.06841e+07
-3.27808e+08, 5.94753e+08, 1.96494e+07
-5.27027e+08, -4.16332e+08, -2.76035e+07
5.16906e+08, -4.15883e+08, -8.47217e+06
3.0072e+08, 6.02865e+08, 3.15056e+07
-6.47885e+08, 2.01378e+08, -3.17766e+06
-7.25869e+07, -6.61315e+08, -2.98492e+07
6.61678e+08, 8.23855e+07, 1.56686e+07
-2.07498e+08, 6.46091e+08, 2.40637e+07
-5.98834e+08, -3.06653e+08, -2.41896e+07
4.2452e+08, -5.09647e+08, -1.42046e+07
4.11382e+08, 5.32333e+08, 3.04905e+07
-5.9765e+08, 3.22058e+08, 2.94353e+06
-2.01391e+08, -6.34873e+08, -3.10667e+07
6.64313e+08, -4.91088e+07, 1.00489e+07
-7.94278e+07, 6.73292e+08, 2.75802e+07
-6.4795e+08, -1.85182e+08, -1.98531e+07
3.15502e+08, -5.83406e+08, -1.93795e+07
5.06324e+08, 4.41637e+08, 2.83196e+07
-5.25037e+08, 4.30817e+08, 8.96029e+06
-3.22511e+08, -5.83755e+08, -3.1081e+07
6.411e+08, -1.78575e+08, 4.04388e+06
5.15476e+07, 6.753e+08, 3.00646e+07
-6.72573e+08, -5.65322e+07, -1.47594e+07
1.94064e+08, -6.343e+08, -2.37965e+07
5.81854e+08, 3.34178e+08, 2.50717e+07
-4.32808e+08, 5.23515e+08, 1.46442e+07
-4.3127e+08, -5.10011e+08, -2.98948e+07
5.92901e+08, -3.01027e+08, -2.11602e+06
1.80533e+08, 6.51974e+08, 3.14217e+07
-6.7178e+08, 7.43645e+07, -9.10393e+06
6.50274e+07, -6.60346e+08, -2.72825e+07
6.35062e+08, 2.1403e+08, 2.0869e+07
-3.2437e+08, 5.96716e+08, 1.97851e+07
-5.23481e+08, -4.16513e+08, -2.75551e+07
5.21593e+08, -4.11606e+08, -8.18764e+06
3.02647e+08, 6.04177e+08, 3.15993e+07
-6.45651e+08, 2.02611e+08, -3.0991e+06
-6.66008e+07, -6.60542e+08, -2.97027e+07
6.63816e+08, 8.58166e+07, 1.58713e+07
-2.03845e+08, 6.47655e+08, 2.41885e+07
-5.95666e+08, -3.06897e+08, -2.41549e+07
4.29906e+08, -5.06036e+08, -1.39368e+07
4.1325e+08, 5.33653e+08, 3.05877e+07
-5.95221e+08, 3.23301e+08, 3.02537e+06
-1.95661e+08, -6.34944e+08, -3.09654e+07
6.66991e+08, -4.55886e+07, 1.02679e+07
-7.57075e+07, 6.74414e+08, 2.76902e+07
-6.45062e+08, -1.8543e+08, -1.98272e+07
3.21477e+08, -5.80595e+08, -1.91369e+07
5.08162e+08, 4.43045e+08, 2.84241e+07
-5.22396e+08, 4.31958e+08, 9.04177e+06
-3.17137e+08, -5.84574e+08, -3.10226e+07
6.44419e+08, -1.75044e+08, 4.27679e+06
5.52157e+07, 6.76002e+08, 3.01594e+07
-6.69868e+08, -5.67402e+07, -1.47382e+07
2.00504e+08, -6.32387e+08, -2.35867e+07
5.8371e+08, 3.35773e+08, 2.51885e+07
-4.29992e+08, 5.2447e+08, 1.47217e+07
-4.26354e+08, -5.11454e+08, -2.98759e+07
5.96932e+08, -2.97604e+08, -1.87383e+06
1.84014e+08, 6.52326e+08, 3.15022e+07
-6.6918e+08, 7.41785e+07, -9.08602e+06
7.17589e+07, -6.5942e+08, -2.7113e+07
6.37038e+08, 2.15863e+08, 2.10017e+07
-3.21459e+08, 5.97401e+08, 1.98544e+07
-5.19067e+08, -4.18477e+08, -2.7572e+07
5.26392e+08, -4.0846e+08, -7.94323e+06
3.0587e+08, 6.04285e+08, 3.1669e+07
-6.43088e+08, 2.02413e+08, -3.08396e+06
-5.97417e+07, -6.60652e+08, -2.95794e+07
6.66049e+08, 8.79318e+07, 1.60238e+07
-2.0092e+08, 6.48046e+08, 2.42479e+07
-5.91789e+08, -3.09259e+08, -2.42027e+07
4.35493e+08, -5.03342e+08, -1.36983e+07
4.16163e+08, 5.33661e+08, 3.06521e+07
-5.92672e+08, 3.23047e+08, 3.03701e+06
-1.88879e+08, -6.36104e+08, -3.0893e+07
6.69628e+08, -4.32093e+07, 1.04417e+07
-7.28843e+07, 6.74513e+08, 2.77384e+07
-6.41735e+08, -1.88105e+08, -1.99019e+07
3.27807e+08, -5.78564e+08, -1.89152e+07
5.10788e+08, 4.43095e+08, 2.84896e+07
-5.19862e+08, 4.31583e+08, 9.04802e+06
-3.10602e+08, -5.86766e+08, -3.10039e+07
6.47634e+08, -1.72475e+08, 4.47101e+06
5.78562e+07, 6.75859e+08, 3.01975e+07
-6.67085e+08, -5.96355e+07, -1.48354e+07
2.07497e+08, -6.31214e+08, -2.33924e+07
5.86119e+08, 3.36024e+08, 2.5263e+07
-4.27495e+08, 5.23947e+08, 1.47219e+07
-4.20255e+08, -5.1461e+08, -2.99114e+07
6.00876e+08, -2.94962e+08, -1.66218e+06
1.86388e+08, 6.52031e+08, 3.15331e+07
-6.66945e+08, 7.11446e+07, -9.20162e+06
7.92513e+07, -6.59296e+08, -2.69583e+07
6.39355e+08, 2.16426e+08, 2.1092e+07
-3.1906e+08, 5.967e+08, 1.98471e+07
-5.13566e+08, -4.22514e+08, -2.76611e+07
5.31182e+08, -4.05946e+08, -7.7215e+06
3.07952e+08, 6.03949e+08, 3.16973e+07
-6.41388e+08, 1.99305e+08, -3.21409e+06
-5.19352e+07, -6.61727e+08, -2.94747e+07
6.6846e+08, 8.88786e+07, 1.61359e+07
-1.98665e+08, 6.4718e+08, 2.42337e+07
-5.8703e+08, -3.14048e+08, -2.43422e+07
4.41204e+08, -5.01181e+08, -1.34757e+07
4.1795e+08, 5.33432e+08, 3.0684e+07
-5.91495e+08, 3.19954e+08, 2.89709e+06
-1.8102e+08, -6.38477e+08, -3.08476e+07
6.72334e+08, -4.18565e+07, 1.05794e+07
-7.08481e+07, 6.73514e+08, 2.7718e+07
-6.37845e+08, -1.93498e+08, -2.00875e+07
3.34424e+08, -5.77034e+08, -1.87049e+07
5.12339e+08, 4.43097e+08, 2.85316e+07
-5.19199e+08, 4.28563e+08, 8.90185e+06
-3.0295e+08, -5.90491e+08, -3.10252e+07
6.50853e+08, -1.70797e+08, 4.63438e+06
5.96369e+07, 6.74788e+08, 3.01735e+07
-6.64148e+08, -6.54689e+07, -1.50608e+07
2.14953e+08, -6.30581e+08, -2.32079e+07
5.87554e+08, 3.36383e+08, 2.53224e+07
-4.27313e+08, 5.21086e+08, 1.45748e+07
-4.13099e+08, -5.19658e+08, -3.00038e+07
6.04814e+08, -2.93087e+08, -1.47597e+06
1.87866e+08, 6.5098e+08, 3.1509e+07
-6.65023e+08, 6.5067e+07, -9.45911e+06
8.73677e+07, -6.59822e+08, -2.68148e+07
6.40821e+08, 2.17229e+08, 2.1175e+07
-3.19341e+08, 5.94061e+08, 1.97028e+07
-5.07189e+08, -4.28811e+08, -2.78262e+07
5.35992e+08, -4.04101e+08, -7.52026e+06
3.09134e+08, 6.03015e+08, 3.16777e+07
-6.40501e+08, 1.93158e+08, -3.49563e+06
-4.33727e+07, -6.63638e+08, -2.93865e+07
6.70163e+08, 9.01461e+07, 1.62468e+07
-1.99357e+08, 6.44843e+08, 2.40973e+07
-5.81685e+08, -3.21445e+08, -2.45782e+07
4.4699e+08, -4.99623e+08, -1.32696e+07
4.18878e+08, 5.32738e+08, 3.06751e+07
-5.91619e+08, 3.13945e+08, 2.60182e+06
-1.72313e+08, -6.41931e+08, -3.08276e+07
6.74484e+08, -4.01454e+07, 1.07205e+07
-7.19146e+07, 6.7155e+08, 2.75942e+07
-6.3377e+08, -2.01782e+08, -2.03892e+07
3.41192e+08, -5.76078e+08, -1.85082e+07
5.13086e+08, 4.42749e+08, 2.85392e+07
-5.20286e+08, 4.22861e+08, 8.60194e+06
-2.94439e+08, -5.9559e+08, -3.10842e+07
6.53663e+08, -1.68762e+08, 4.80367e+06
5.82729e+07, 6.7327e+08, 3.00672e+07
-6.61515e+08, -7.43917e+07, -1.54202e+07
2.22649e+08, -6.30539e+08, -2.3036e+07
5.8826e+08, 3.3646e+08, 2.53525e+07
-4.29259e+08, 5.15869e+08, 1.42806e+07
-4.05147e+08, -5.26407e+08, -3.01489e+07
6.0847e+08, -2.90892e+08, -1.28285e+06
1.86285e+08, 6.49988e+08, 3.14255e+07
-6.63952e+08, 5.58259e+07, -9.86388e+06
9.58149e+07, -6.60998e+08, -2.66846e+07
6.41639e+08, 2.17794e+08, 2.12326e+07
-3.22039e+08, 5.89466e+08, 1.94233e+07
-5.00185e+08, -4.3712e+08, -2.80609e+07
5.40624e+08, -4.02e+08, -7.31275e+06
3.07437e+08, 6.02602e+08, 3.16216e+07
-6.41037e+08, 1.83907e+08, -3.93256e+06
-3.44238e+07, -6.66306e+08, -2.93151e+07
6.71285e+08, 9.11798e+07, 1.63341e+07
-2.0265e+08, 6.40988e+08, 2.38412e+07
-5.75977e+08, -3.31138e+08, -2.4901e+07
4.52679e+08, -4.9789e+08, -1.30589e+07
4.17207e+08, 5.3295e+08, 3.0651e+07
-5.93723e+08, 3.05028e+08, 2.14905e+06
-1.63191e+08, -6.46285e+08, -3.08299e+07
6.76101e+08, -3.86922e+07, 1.08383e+07
-7.56537e+07, 6.68528e+08, 2.73687e+07
-6.2968e+08, -2.1257e+08, -2.07933e+07
3.47912e+08, -5.75035e+08, -1.83094e+07
5.11572e+08, 4.43609e+08, 2.85507e+07
-5.23862e+08, 4.14572e+08, 8.14876e+06
-2.85548e+08, -6.01752e+08, -3.11733e+07
6.55954e+08, -1.67029e+08, 4.94843e+06
5.42611e+07, 6.71129e+08, 2.98785e+07
-6.59276e+08, -8.59413e+07, -1.58951e+07
2.30311e+08, -6.30512e+08, -2.28656e+07
5.87076e+08, 3.37938e+08, 2.54012e+07
-4.34129e+08, 5.0849e+08, 1.38432e+07
-3.96905e+08, -5.34393e+08, -3.03333e+07
6.1159e+08, -2.89045e+08, -1.11636e+06
1.8219e+08, 6.48759e+08, 3.12788e+07
-6.63715e+08, 4.39338e+07, -1.03936e+07
1.04224e+08, -6.62283e+08, -2.65597e+07
6.40944e+08, 2.19842e+08, 2.1319e+07
-3.27992e+08, 5.83224e+08, 1.90161e+07
-4.93041e+08, -4.46824e+08, -2.83444e+07
5.44667e+08, -4.00282e+08, -7.13402e+06
3.03426e+08, 6.02276e+08, 3.15199e+07
-6.42853e+08, 1.72083e+08, -4.49961e+06
-2.55499e+07, -6.69172e+08, -2.92528e+07
6.7124e+08, 9.36817e+07, 1.64557e+07
-2.09418e+08, 6.36051e+08, 2.34771e+07
-5.70331e+08, -3.42359e+08, -2.52822e+07
4.57702e+08, -4.96566e+08, -1.28793e+07
4.13478e+08, 5.33474e+08, 3.0596e+07
-5.97533e+08, 2.9371e+08, 1.56537e+06
-1.54194e+08, -6.50923e+08, -3.08454e+07
6.76843e+08, -3.58669e+07, 1.09913e+07
-8.29406e+07, 6.65019e+08, 2.70592e+07
-6.25896e+08, -2.24973e+08, -2.12641e+07
3.53877e+08, -5.7439e+08, -1.81426e+07
5.08286e+08, 4.44912e+08, 2.85423e+07
-5.2952e+08, 4.04159e+08, 7.56921e+06
-2.76857e+08, -6.0826e+08, -3.12792e+07
6.57588e+08, -1.64078e+08, 5.12563e+06
4.67536e+07, 6.69085e+08, 2.96312e+07
-6.5762e+08, -9.91372e+07, -1.64431e+07
2.37106e+08, -6.30849e+08, -2.27274e+07
5.84394e+08, 3.39893e+08, 2.54367e+07
-4.41385e+08, 4.99336e+08, 1.32885e+07
-3.88951e+08, -5.42769e+08, -3.05375e+07
6.14195e+08, -2.86172e+08, -923102
1.74789e+08, 6.48161e+08, 3.10995e+07
-6.6435e+08, 3.04284e+07, -1.10004e+07
1.11667e+08, -6.63864e+08, -2.64656e+07
6.38983e+08, 2.22315e+08, 2.13944e+07
-3.36532e+08, 5.75625e+08, 1.85055e+07
-4.86287e+08, -4.56931e+08, -2.86497e+07
5.48252e+08, -3.97726e+08, -6.9355e+06
2.96408e+08, 6.03037e+08, 3.14102e+07
-6.45832e+08, 1.58756e+08, -5.1444e+06
-1.7748e+07, -6.72226e+08, -2.92188e+07
6.70096e+08, 9.64897e+07, 1.65645e+07
-2.18874e+08, 6.302e+08, 2.30266e+07
-5.6518e+08, -3.53968e+08, -2.5686e+07
4.62233e+08, -4.94585e+08, -1.2688e+07
4.07114e+08, 5.35436e+08, 3.05544e+07
-6.02772e+08, 2.81063e+08, 906401
-1.46362e+08, -6.55605e+08, -3.08846e+07
6.76576e+08, -3.28929e+07, 1.11265e+07
-9.28941e+07, 6.61032e+08, 2.66823e+07
-6.22703e+08, -2.37723e+08, -2.17571e+07
3.59257e+08, -5.73221e+08, -1.79714e+07
5.0278e+08, 4.4788e+08, 2.8564e+07
-5.36837e+08, 3.92661e+08, 6.92037e+06
-2.69397e+08, -6.14635e+08, -3.14023e+07
6.58208e+08, -1.6114e+08, 5.27815e+06
3.66967e+07, 6.66967e+08, 2.9336e+07
-6.56646e+08, -1.12617e+08, -1.70119e+07
2.43161e+08, -6.30731e+08, -2.25905e+07
5.79911e+08, 3.43617e+08, 2.55139e+07
-4.50481e+08, 4.89381e+08, 1.26732e+07
-3.82254e+08, -5.5081e+08, -3.07508e+07
6.1569e+08, -2.83473e+08, -762967
1.65039e+08, 6.47818e+08, 3.08901e+07
-6.6574e+08, 1.67091e+07, -1.16262e+07
1.18181e+08, -6.64986e+08, -2.63759e+07
6.35615e+08, 2.26549e+08, 2.1518e+07
-3.47014e+08, 5.67548e+08, 1.79462e+07
-4.80767e+08, -4.66487e+08, -2.89543e+07
5.50557e+08, -3.95448e+08, -6.77776e+06
2.87306e+08, 6.04293e+08, 3.12857e+07
-6.49625e+08, 1.4531e+08, -5.80519e+06
-1.10673e+07, -6.74732e+08, -2.91885e+07
6.67878e+08, 1.00955e+08, 1.67226e+07
-2.30305e+08, 6.24208e+08, 2.25412e+07
-5.61192e+08, -3.64813e+08, -2.60785e+07
4.65239e+08, -4.92925e+08, -1.25438e+07
3.9896e+08, 5.38029e+08, 3.05092e+07
-6.08866e+08, 2.68393e+08, 234923
-1.39815e+08, -6.59566e+08, -3.09228e+07
6.75493e+08, -2.84524e+07, 1.13073e+07
-1.04767e+08, 6.57232e+08, 2.62853e+07
-6.20548e+08, -2.49517e+08, -2.22284e+07
3.62832e+08, -5.72327e+08, -1.78506e+07
4.95772e+08, 4.51513e+08, 2.85891e+07
-5.45012e+08, 3.81259e+08, 6.26413e+06
-2.63337e+08, -6.20038e+08, -3.15152e+07
6.58174e+08, -1.5696e+08, 5.46921e+06
2.48584e+07, 6.65331e+08, 2.90358e+07
-6.56548e+08, -1.24959e+08, -1.75483e+07
2.47109e+08, -6.3074e+08, -2.25035e+07
5.74175e+08, 3.47943e+08, 2.55965e+07
-4.6041e+08, 4.79646e+08, 1.20563e+07
-3.77003e+08, -5.57573e+08, -3.09412e+07
6.16579e+08, -2.79778e+08, -574293
1.53708e+08, 6.48199e+08, 3.06894e+07
-6.67806e+08, 4.27047e+06, -1.22097e+07
1.22303e+08, -6.65975e+08, -2.63304e+07
6.31188e+08, 2.31238e+08, 2.16441e+07
-3.58257e+08, 5.59809e+08, 1.73918e+07
-4.7664e+08, -4.74427e+08, -2.922e+07
5.52204e+08, -3.92396e+08, -6.60223e+06
2.76862e+08, 6.06445e+08, 3.11814e+07
-6.5386e+08, 1.33261e+08, -6.41441e+06
-7.01758e+06, -6.76737e+08, -2.91912e+07
6.64696e+08, 1.05686e+08, 1.68769e+07
-2.42386e+08, 6.18651e+08, 2.20669e+07
-5.5846e+08, -3.73692e+08, -2.64142e+07
4.67435e+08, -4.90656e+08, -1.23921e+07
3.8972e+08, 5.41613e+08, 3.04927e+07
-6.15153e+08, 2.57189e+08, -377412
-1.36056e+08, -6.62568e+08, -3.09775e+07
6.73439e+08, -2.39787e+07, 1.14743e+07
-1.17156e+08, 6.53924e+08, 2.59046e+07
-6.1941e+08, -2.59027e+08, -2.26243e+07
3.65361e+08, -5.70907e+08, -1.77304e+07
4.87937e+08, 4.56155e+08, 2.86479e+07
-5.53109e+08, 3.71343e+08, 5.67304e+06
-2.60106e+08, -6.23954e+08, -3.1623e+07
6.57055e+08, -1.52961e+08, 5.6352e+06
1.26515e+07, 6.64199e+08, 2.87553e+07
-6.57141e+08, -1.34739e+08, -1.79911e+07
2.4973e+08, -6.30194e+08, -2.24211e+07
5.67832e+08, 3.53229e+08, 2.57144e+07
-4.69991e+08, 4.71359e+08, 1.15081e+07
-3.74501e+08, -5.62288e+08, -3.1101e+07
6.16159e+08, -2.7644e+08, -422469
1.42154e+08, 6.49043e+08, 3.05097e+07
-6.70168e+08, -5.41098e+06, -1.26837e+07
1.24813e+08, -6.66261e+08, -2.62884e+07
6.26335e+08, 2.36759e+08, 2.18033e+07
-3.68889e+08, 5.53422e+08, 1.69069e+07
-4.75035e+08, -4.79762e+08, -2.94275e+07
5.52225e+08, -3.89805e+08, -6.47392e+06
2.66338e+08, 6.08972e+08, 3.10971e+07
-6.57937e+08, 1.24084e+08, -6.90054e+06
-4.83301e+06, -6.77765e+08, -2.91903e+07
6.61207e+08, 1.11078e+08, 1.70589e+07
-2.53613e+08, 6.14297e+08, 2.16605e+07
-5.57893e+08, -3.79437e+08, -2.66627e+07
4.67619e+08, -4.88841e+08, -1.22948e+07
3.80504e+08, 5.45432e+08, 3.04925e+07
-6.20794e+08, 2.48867e+08, -857017
-1.34351e+08, -6.64215e+08, -3.10157e+07
6.71109e+08, -1.90449e+07, 1.16606e+07
-1.28479e+08, 6.51617e+08, 2.55871e+07
-6.19948e+08, -2.64948e+08, -2.29047e+07
3.65467e+08, -5.69798e+08, -1.76664e+07
4.80204e+08, 4.6084e+08, 2.87168e+07
-5.60064e+08, 3.64214e+08, 5.21997e+06
-2.59005e+08, -6.26047e+08, -3.16956e+07
6.55607e+08, -1.48707e+08, 5.81038e+06
1.68363e+06, 6.6383e+08, 2.8531e+07
-6.58811e+08, -1.40567e+08, -1.82921e+07
2.49523e+08, -6.29669e+08, -2.23903e+07
5.61605e+08, 3.5834e+08, 2.58337e+07
-4.77948e+08, 4.65656e+08, 1.10982e+07
-3.7409e+08, -5.64646e+08, -3.12018e+07
6.15263e+08, -2.73019e+08, -271872
1.31953e+08, 6.50376e+08, 3.03766e+07
-6.7292e+08, -1.09002e+07, -1.29931e+07
1.24141e+08, -6.66142e+08, -2.62867e+07
6.21535e+08, 2.41859e+08, 2.19525e+07
-3.77468e+08, 5.49304e+08, 1.65549e+07
-4.75332e+08, -4.82192e+08, -2.95487e+07
5.51547e+08, -3.87237e+08, -6.35586e+06
2.57229e+08, 6.11692e+08, 3.1048e+07
-6.61658e+08, 1.19191e+08, -7.20439e+06
-6.08039e+06, -6.77827e+08, -2.92108e+07
6.57625e+08, 1.15815e+08, 1.72185e+07
-2.62433e+08, 6.11811e+08, 2.13763e+07
-5.58888e+08, -3.81738e+08, -2.67956e+07
4.66822e+08, -4.87069e+08, -1.22138e+07
3.7269e+08, 5.49148e+08, 3.05146e+07
-6.25316e+08, 2.44759e+08, -1.14327e+06
-1.36213e+08, -6.64237e+08, -3.105e+07
6.68451e+08, -1.49703e+07, 1.18117e+07
-1.37148e+08, 6.507e+08, 2.53761e+07
-6.21565e+08, -2.66949e+08, -2.30401e+07
3.64283e+08, -5.68655e+08, -1.76212e+07
4.73796e+08, 4.65121e+08, 2.87938e+07
-5.65155e+08, 3.61055e+08, 4.96348e+06
-2.61438e+08, -6.25797e+08, -3.17334e+07
6.5351e+08, -1.4546e+08, 5.93838e+06
-6.48088e+06, 6.64332e+08, 2.83937e+07
-6.60941e+08, -1.42096e+08, -1.842e+07
2.47727e+08, -6.28917e+08, -2.23756e+07
5.56562e+08, 3.62769e+08, 2.59466e+07
-4.83363e+08, 4.63526e+08, 1.08805e+07
-3.77011e+08, -5.63914e+08, -3.12328e+07
6.1333e+08, -2.70666e+08, -178103
1.24577e+08, 6.52045e+08, 3.03082e+07
-6.75404e+08, -1.18518e+07, -1.31056e+07
1.21607e+08, -6.65502e+08, -2.62936e+07
6.17713e+08, 2.46029e+08, 2.20809e+07
-3.82927e+08, 5.48217e+08, 1.63825e+07
-4.78574e+08, -4.80812e+08, -2.95627e+07
5.49404e+08, -3.85694e+08, -6.30062e+06
2.5087e+08, 6.14213e+08, 3.10397e+07
-6.64311e+08, 1.18908e+08, -7.29335e+06
-9.37812e+06, -6.76978e+08, -2.92265e+07
6.54756e+08, 1.19415e+08, 1.73436e+07
-2.67676e+08, 6.11713e+08, 2.12526e+07
-5.62264e+08, -3.79573e+08, -2.6783e+07
4.64118e+08, -4.86149e+08, -1.21964e+07
3.67443e+08, 5.52164e+08, 3.0553e+07
-6.27943e+08, 2.45153e+08, -1.20387e+06
-1.40225e+08, -6.6287e+08, -3.1061e+07
6.6619e+08, -1.21779e+07, 1.19162e+07
-1.41938e+08, 6.51451e+08, 2.53003e+07
-6.24832e+08, -2.63945e+08, -2.29938e+07
3.60766e+08, -5.68072e+08, -1.7635e+07
4.69672e+08, 4.68245e+08, 2.88625e+07
-5.67547e+08, 3.62095e+08, 4.93451e+06
-2.65993e+08, -6.2363e+08, -3.17246e+07
6.51464e+08, -1.43554e+08, 6.01073e+06
-1.0613e+07, 6.65744e+08, 2.83624e+07
-6.63856e+08, -1.38237e+08, -1.83344e+07
2.43242e+08, -6.283e+08, -2.24084e+07
5.53431e+08, 3.65655e+08, 2.60284e+07
-4.85348e+08, 4.65122e+08, 1.08833e+07
-3.81888e+08, -5.6071e+08, -3.11903e+07
6.11086e+08, -2.6962e+08, -145150
1.21216e+08, 6.53869e+08, 3.03132e+07
-6.7772e+08, -7.22584e+06, -1.2979e+07
1.16107e+08, -6.64463e+08, -2.63303e+07
6.15355e+08, 2.48363e+08, 2.21577e+07
-3.84348e+08, 5.50218e+08, 1.64146e+07
-4.83458e+08, -4.76421e+08, -2.9474e+07
5.46597e+08, -3.85342e+08, -6.30759e+06
2.48349e+08, 6.16168e+08, 3.10708e+07
-6.65798e+08, 1.24172e+08, -7.12647e+06
-1.5794e+07, -6.7511e+08, -2.92487e+07
6.52853e+08, 1.20997e+08, 1.74004e+07
-2.68419e+08, 6.1395e+08, 2.13094e+07
-5.66822e+08, -3.73913e+08, -2.66382e+07
4.60438e+08, -4.86204e+08, -1.22377e+07
3.65714e+08, 5.53968e+08, 3.05974e+07
-6.28428e+08, 2.50849e+08, -1.00137e+06
-1.47363e+08, -6.59806e+08, -3.10499e+07
6.64367e+08, -1.14641e+07, 1.19405e+07
-1.41957e+08, 6.53702e+08, 2.53741e+07
-6.28694e+08, -2.57064e+08, -2.27878e+07
3.56002e+08, -5.68181e+08, -1.77001e+07
4.68622e+08, 4.69615e+08, 2.89059e+07
-5.66897e+08, 3.67969e+08, 5.16509e+06
-2.73523e+08, -6.1907e+08, -3.16616e+07
6.49338e+08, -1.43682e+08, 5.99562e+06
-9.89149e+06, 6.67788e+08, 2.84446e+07
-6.6667e+08, -1.30255e+08, -1.80652e+07
2.37315e+08, -6.28029e+08, -2.24811e+07
5.52842e+08, 3.66372e+08, 2.60571e+07
-4.83501e+08, 4.70909e+08, 1.11325e+07
-3.89418e+08, -5.54439e+08, -3.10589e+07
6.08271e+08, -2.70441e+08, -201256
1.22602e+08, 6.55474e+08, 3.03932e+07
-6.79179e+08, 1.61448e+06, -1.26507e+07
1.09048e+08, -6.63372e+08, -2.6392e+07
6.1495e+08, 2.48254e+08, 2.21589e+07
-3.8132e+08, 5.55612e+08, 1.66701e+07
-4.90507e+08, -4.68358e+08, -2.92619e+07
5.42775e+08, -3.86601e+08, -6.40047e+06
2.50286e+08, 6.17115e+08, 3.11372e+07
-6.65647e+08, 1.33555e+08, -6.74723e+06
-2.3787e+07, -6.72768e+08, -2.92777e+07
6.52305e+08, 1.20009e+08, 1.7365e+07
-2.64279e+08, 6.18674e+08, 2.1559e+07
-5.72901e+08, -3.64088e+08, -2.63374e+07
4.5538e+08, -4.8752e+08, -1.23564e+07
3.67995e+08, 5.54079e+08, 3.06391e+07
-6.26512e+08, 2.60406e+08, -583392
-1.55993e+08, -6.55839e+08, -3.10251e+07
6.63319e+08, -1.32937e+07, 1.18628e+07
-1.3687e+08, 6.57484e+08, 2.56038e+07
-6.33324e+08, -2.4567e+08, -2.2397e+07
3.49581e+08, -5.69126e+08, -1.78295e+07
4.71005e+08, 4.6875e+08, 2.89123e+07
-5.63155e+08, 3.77273e+08, 5.60558e+06
-2.82351e+08, -6.13199e+08, -3.15633e+07
6.47461e+08, -1.46207e+08, 5.87521e+06
-4.05814e+06, 6.70398e+08, 2.86415e+07
-6.69417e+08, -1.17598e+08, -1.75891e+07
2.29561e+08, -6.28119e+08, -2.26008e+07
5.55028e+08, 3.64487e+08, 2.60206e+07
-4.77973e+08, 4.79546e+08, 1.15779e+07
-3.97948e+08, -5.46497e+08, -3.08708e+07
6.05273e+08, -2.73391e+08, -359239
1.28891e+08, 6.56735e+08, 3.05449e+07
-6.79712e+08, 1.51151e+07, -1.21005e+07
1.00108e+08, -6.62138e+08, -2.648e+07
6.16619e+08, 2.45365e+08, 2.2074e+07
-3.7417e+08, 5.63165e+08, 1.71002e+07
-4.98182e+08, -4.58345e+08, -2.89735e+07
5.38436e+08, -3.89646e+08, -6.58684e+06
2.56724e+08, 6.16908e+08, 3.12332e+07
-6.63734e+08, 1.47381e+08, -6.13991e+06
-3.35959e+07, -6.69779e+08, -2.93104e+07
6.53155e+08, 1.16227e+08, 1.72303e+07
-2.55743e+08, 6.24785e+08, 2.1955e+07
-5.79168e+08, -3.52135e+08, -2.59439e+07
4.4959e+08, -4.90239e+08, -1.2556e+07
3.74228e+08, 5.52378e+08, 3.06718e+07
-6.22063e+08, 2.74016e+08, 60219.8
-1.66257e+08, -6.50746e+08, -3.09802e+07
6.63054e+08, -1.77624e+07, 1.16811e+07
-1.27297e+08, 6.61846e+08, 2.59469e+07
-6.37678e+08, -2.32071e+08, -2.19012e+07
3.42329e+08, -5.71079e+08, -1.80248e+07
4.76679e+08, 4.65592e+08, 2.88769e+07
-5.56225e+08, 3.90077e+08, 6.2602e+06
-2.92525e+08, -6.05788e+08, -3.14217e+07
6.45844e+08, -1.511e+08, 5.6526e+06
6.16297e+06, 6.72798e+08, 2.89158e+07
-6.71415e+08, -1.02785e+08, -1.70008e+07
2.20991e+08, -6.28838e+08, -2.27699e+07
5.5981e+08, 3.60008e+08, 2.59164e+07
-4.68742e+08, 4.91008e+08, 1.22182e+07
-4.0744e+08, -5.36683e+08, -3.06181e+07
6.02136e+08, -2.78351e+08, -611468
1.393e+08, 6.57063e+08, 3.07375e+07
-6.79045e+08, 3.06226e+07, -1.14355e+07
9.04676e+07, -6.61201e+08, -2.66008e+07
6.20188e+08, 2.39781e+08, 2.1904e+07
-3.62971e+08, 5.72781e+08, 1.76993e+07
-5.06378e+08, -4.46225e+08, -2.86023e+07
5.33691e+08, -3.94289e+08, -6.85486e+06
2.6686e+08, 6.15152e+08, 3.13354e+07
-6.60223e+08, 1.6296e+08, -5.42085e+06
-4.39012e+07, -6.66827e+08, -2.93605e+07
6.55264e+08, 1.09812e+08, 1.70012e+07
-2.42998e+08, 6.32157e+08, 2.24887e+07
-5.85464e+08, -3.37965e+08, -2.54537e+07
4.43265e+08, -4.94122e+08, -1.28213e+07
3.83635e+08, 5.48658e+08, 3.06803e+07
-6.15683e+08, 2.89038e+08, 807816
-1.76743e+08, -6.4552e+08, -3.094e+07
6.63508e+08, -2.46491e+07, 1.14038e+07
-1.13546e+08, 6.66684e+08, 2.63934e+07
-6.41565e+08, -2.16253e+08, -2.12994e+07
3.34545e+08, -5.73781e+08, -1.82679e+07
4.84927e+08, 4.6012e+08, 2.87928e+07
-5.47121e+08, 4.03895e+08, 7.00673e+06
-3.02629e+08, -5.98177e+08, -3.12761e+07
6.44535e+08, -1.5809e+08, 5.34014e+06
2.03496e+07, 6.74943e+08, 2.92584e+07
-6.72476e+08, -8.58699e+07, -1.63026e+07
2.12011e+08, -6.29949e+08, -2.29693e+07
5.66557e+08, 3.53089e+08, 2.57463e+07
-4.572e+08, 5.03044e+08, 1.29344e+07
-4.16562e+08, -5.26712e+08, -3.0357e+07
5.99044e+08, -2.85021e+08, -942253
1.53317e+08, 6.56516e+08, 3.09653e+07
-6.77017e+08, 4.8013e+07, -1.0662e+07
8.06358e+07, -6.60374e+08, -2.67358e+07
6.25152e+08, 2.31806e+08, 2.16589e+07
-3.49436e+08, 5.82522e+08, 1.83558e+07
-5.1395e+08, -4.34078e+08, -2.8223e+07
5.2888e+08, -4.00242e+08, -7.18669e+06
2.80122e+08, 6.12041e+08, 3.14434e+07
-6.55003e+08, 1.80116e+08, -4.59971e+06
-5.41312e+07, -6.63817e+08, -2.94127e+07
6.58274e+08, 1.01193e+08, 1.66951e+07
-2.28005e+08, 6.39219e+08, 2.30597e+07
-5.90943e+08, -3.23981e+08, -2.49603e+07
4.36911e+08, -4.98953e+08, -1.31345e+07
3.95631e+08, 5.43254e+08, 3.06706e+07
-6.07337e+08, 3.05266e+08, 1.64662e+06
-1.86856e+08, -6.40176e+08, -3.08939e+07
6.6449e+08, -3.34518e+07, 1.10545e+07
-9.77276e+07, 6.70832e+08, 2.68577e+07
-6.44519e+08, -2.00884e+08, -2.0703e+07
3.26892e+08, -5.77137e+08, -1.85435e+07
4.95208e+08, 4.52809e+08, 2.86735e+07
-5.359e+08, 4.18503e+08, 7.82985e+06
-3.12081e+08, -5.90494e+08, -3.11215e+07
6.43516e+08, -1.6664e+08, 4.96595e+06
3.63337e+07, 6.76088e+08, 2.96003e+07
-6.7258e+08, -6.96993e+07, -1.56213e+07
2.03415e+08, -6.31538e+08, -2.3189e+07
5.74809e+08, 3.44322e+08, 2.55308e+07
-4.43497e+08, 5.15435e+08, 1.37097e+07
-4.24787e+08, -5.16817e+08, -3.0089e+07
5.96154e+08, -2.92874e+08, -1.32067e+06
1.6882e+08, 6.54751e+08, 3.11772e+07
-6.74095e+08, 6.43616e+07, -9.91864e+06
7.15056e+07, -6.59974e+08, -2.68832e+07
6.31168e+08, 2.22108e+08, 2.13654e+07
-3.33804e+08, 5.92209e+08, 1.90531e+07
-5.20442e+08, -4.22226e+08, -2.7843e+07
5.24328e+08, -4.0702e+08, -7.55006e+06
2.94526e+08, 6.07602e+08, 3.15241e+07
-6.49041e+08, 1.95957e+08, -3.82251e+06
-6.33413e+07, -6.61324e+08, -2.94753e+07
6.61987e+08, 9.10842e+07, 1.6344e+07
-2.1108e+08, 6.45857e+08, 2.36531e+07
-5.95242e+08, -3.10569e+08, -2.44764e+07
4.31009e+08, -5.04323e+08, -1.34637e+07
4.08432e+08, 5.36509e+08, 3.06266e+07
-5.98477e+08, 3.19949e+08, 2.42781e+06
-1.95655e+08, -6.35581e+08, -3.08625e+07
6.6595e+08, -4.34355e+07, 1.06689e+07
-8.02114e+07, 6.74264e+08, 2.73278e+07
-6.46281e+08, -1.86387e+08, -2.01285e+07
3.19993e+08, -5.80845e+08, -1.88219e+07
5.05993e+08, 4.44245e+08, 2.85178e+07
-5.24461e+08, 4.31411e+08, 8.58366e+06
-3.20016e+08, -5.83903e+08, -3.09925e+07
6.42887e+08, -1.76037e+08, 4.56805e+06
5.37163e+07, 6.76316e+08, 2.99344e+07
-6.71572e+08, -5.46969e+07, -1.49763e+07
1.95919e+08, -6.33436e+08, -2.34033e+07
5.83321e+08, 3.34473e+08, 2.52811e+07
-4.29918e+08, 5.26053e+08, 1.44066e+07
-4.31409e+08, -5.08447e+08, -2.98634e+07
5.93715e+08, -3.01265e+08, -1.70875e+06
1.85408e+08, 6.51959e+08, 3.13712e+07
-6.70226e+08, 7.92711e+07, -9.22617e+06
6.38379e+07, -6.5999e+08, -2.70233e+07
6.3728e+08, 2.11559e+08, 2.10441e+07
-3.1865e+08, 6.00154e+08, 1.96668e+07
-5.25385e+08, -4.12372e+08, -2.75263e+07
5.2041e+08, -4.14084e+08, -7.90915e+06
3.09704e+08, 6.02129e+08, 3.15812e+07
-6.42378e+08, 2.10137e+08, -3.11015e+06
-7.07793e+07, -6.59492e+08, -2.95357e+07
6.65725e+08, 8.03854e+07, 1.59746e+07
-1.94987e+08, 6.50877e+08, 2.41617e+07
-5.98192e+08, -2.99633e+08, -2.40797e+07
4.26013e+08, -5.09845e+08, -1.37779e+07
4.21728e+08, 5.28807e+08, 3.05574e+07
-5.89218e+08, 3.32811e+08, 3.13188e+06
-2.0246e+08, -6.32019e+08, -3.08411e+07
6.67474e+08, -5.37458e+07, 1.02767e+07
-6.38306e+07, 6.76288e+08, 2.77168e+07
-6.47033e+08, -1.74803e+08, -1.96661e+07
3.14339e+08, -5.84699e+08, -1.90789e+07
5.1705e+08, 4.34869e+08, 2.83394e+07
-5.12961e+08, 4.4243e+08, 9.25115e+06
-3.25852e+08, -5.788e+08, -3.08915e+07
6.42462e+08, -1.85519e+08, 4.17613e+06
6.97202e+07, 6.75423e+08, 3.01952e+07
-6.70024e+08, -4.29709e+07, -1.44672e+07
1.90014e+08, -6.35616e+08, -2.3596e+07
5.91955e+08, 3.24009e+08, 2.50148e+07
-4.16634e+08, 5.3479e+08, 1.50112e+07
-4.35963e+08, -5.02072e+08, -2.96884e+07
5.91712e+08, -3.09566e+08, -2.07911e+06
2.00452e+08, 6.48382e+08, 3.15032e+07
-6.66387e+08, 9.06456e+07, -8.69117e+06
5.80805e+07, -6.60571e+08, -2.7148e+07
6.43449e+08, 2.0063e+08, 2.07152e+07
-3.04121e+08, 6.06321e+08, 2.01868e+07
-5.28435e+08, -4.05026e+08, -2.72859e+07
5.17245e+08, -4.2096e+08, -8.24051e+06
3.23269e+08, 5.96236e+08, 3.15906e+07
-6.36389e+08, 2.20675e+08, -2.5718e+06
-7.60681e+07, -6.58635e+08, -2.9594e+07
6.69541e+08, 6.95507e+07, 1.56087e+07
-1.79819e+08, 6.54307e+08, 2.45794e+07
-5.99574e+08, -2.9168e+08, -2.37861e+07
4.22125e+08, -5.15198e+08, -1.40586e+07
4.33434e+08, 5.21056e+08, 3.04567e+07
-5.81311e+08, 3.42072e+08, 3.65119e+06
-2.06991e+08, -6.29942e+08, -3.08373e+07
6.69196e+08, -6.39798e+07, 9.89954e+06
-4.86099e+07, 6.76974e+08, 2.80216e+07
-6.4667e+08, -1.66603e+08, -1.93329e+07
3.10164e+08, -5.88526e+08, -1.93015e+07
5.26631e+08, 4.258e+08, 2.81465e+07
-5.03469e+08, 4.50065e+08, 9.7309e+06
-3.29438e+08, -5.75753e+08, -3.08329e+07
6.42432e+08, -1.94748e+08, 3.81075e+06
8.44016e+07, 6.73496e+08, 3.03822e+07
-6.67926e+08, -3.4908e+07, -1.41102e+07
1.8592e+08, -6.38039e+08, -2.37596e+07
5.99302e+08, 3.14166e+08, 2.47508e+07
-4.05966e+08, 5.40513e+08, 1.54324e+07
-4.38456e+08, -4.98345e+08, -2.95847e+07
5.90357e+08, -3.17531e+08, -2.41433e+06
2.14093e+08, 6.44097e+08, 3.15743e+07
-6.62632e+08, 9.82129e+07, -8.32663e+06
5.43946e+07, -6.61778e+08, -2.72553e+07
6.48603e+08, 1.9057e+08, 2.04041e+07
-2.92708e+08, 6.09976e+08, 2.05355e+07
-5.29774e+08, -4.00893e+08, -2.71476e+07
5.15023e+08, -4.27508e+08, -8.53149e+06
3.35428e+08, 5.89963e+08, 3.15537e+07
-6.31144e+08, 2.27426e+08, -2.21587e+06
-7.91301e+07, -6.58876e+08, -2.96521e+07
6.7266e+08, 5.97664e+07, 1.52742e+07
-1.68138e+08, 6.55827e+08, 2.48445e+07
-5.99756e+08, -2.87432e+08, -2.36251e+07
4.19472e+08, -5.20333e+08, -1.42981e+07
4.43804e+08, 5.1323e+08, 3.03246e+07
-5.74801e+08, 3.47713e+08, 3.9827e+06
-2.09262e+08, -6.29498e+08, -3.08556e+07
6.70569e+08, -7.30822e+07, 9.56387e+06
-3.70996e+07, 6.76412e+08, 2.81978e+07
-6.45743e+08, -1.62497e+08, -1.91608e+07
3.07491e+08, -5.92347e+08, -1.9487e+07
5.35021e+08, 4.16926e+08, 2.7937e+07
-4.9596e+08, 4.54394e+08, 1.00252e+07
-3.30862e+08, -5.749e+08, -3.08223e+07
6.42421e+08, -2.02849e+08, 3.49359e+06
9.53116e+07, 6.71e+08, 3.04682e+07
-6.66007e+08, -3.11691e+07, -1.39383e+07
1.83544e+08, -6.40756e+08, -2.38949e+07
6.05654e+08, 3.04743e+08, 2.44839e+07
-3.97774e+08, 5.43369e+08, 1.56776e+07
-4.39039e+08, -4.97361e+08, -2.95572e+07
5.8937e+08, -3.24462e+08, -2.69881e+06
2.24054e+08, 6.39901e+08, 3.15739e+07
-6.5986e+08, 1.01389e+08, -8.16518e+06
5.25696e+07, -6.63654e+08, -2.73475e+07
6.53001e+08, 1.81077e+08, 2.01015e+07
-2.84142e+08, 6.11291e+08, 2.07236e+07
-5.29588e+08, -4.00007e+08, -2.71145e+07
5.13485e+08, -4.33202e+08, -8.77323e+06
3.44146e+08, 5.84384e+08, 3.1475e+07
-6.27692e+08, 2.29919e+08, -2.07267e+06
-8.0282e+07, -6.6021e+08, -2.97122e+07
6.75286e+08, 5.06389e+07, 1.49573e+07
-1.59533e+08, 6.5559e+08, 2.49698e+07
-5.98937e+08, -2.86831e+08, -2.35967e+07
4.17764e+08, -5.24865e+08, -1.4494e+07
4.51086e+08, 5.06614e+08, 3.0179e+07
-5.70855e+08, 3.49416e+08, 4.10046e+06
-2.09692e+08, -6.30601e+08, -3.08965e+07
6.71708e+08, -8.1521e+07, 9.25144e+06
-2.87499e+07, 6.74685e+08, 2.82578e+07
-6.44441e+08, -1.62315e+08, -1.91453e+07
3.05954e+08, -5.9587e+08, -1.9638e+07
5.40778e+08, 4.09658e+08, 2.77392e+07
-4.91695e+08, 4.55274e+08, 1.01137e+07
-3.30627e+08, -5.76045e+08, -3.0857e+07
6.42417e+08, -2.10351e+08, 3.20181e+06
1.03109e+08, 6.67912e+08, 3.04636e+07
-6.644e+08, -3.14653e+07, -1.39412e+07
1.8241e+08, -6.43515e+08, -2.40077e+07
6.09874e+08, 2.97199e+08, 2.42495e+07
-3.93378e+08, 5.43403e+08, 1.57332e+07
-4.38272e+08, -4.98787e+08, -2.95985e+07
5.8859e+08, -3.30919e+08, -2.95926e+06
2.31067e+08, 6.35624e+08, 3.15079e+07
-6.58109e+08, 1.00579e+08, -8.19018e+06
5.20111e+07, -6.65933e+08, -2.74319e+07
6.55785e+08, 1.73589e+08, 1.98463e+07
-2.79768e+08, 6.10506e+08, 2.07453e+07
-5.28464e+08, -4.01883e+08, -2.71729e+07
5.12299e+08, -4.38592e+08, -8.99527e+06
3.50191e+08, 5.79149e+08, 3.13542e+07
-6.25937e+08, 2.2864e+08, -2.11981e+06
-8.02184e+07, -6.62303e+08, -2.97803e+07
6.76799e+08, 4.351e+07, 1.46969e+07
-1.55345e+08, 6.54031e+08, 2.49571e+07
-5.97683e+08, -2.89246e+08, -2.36801e+07
4.16491e+08, -5.29287e+08, -1.46767e+07
4.56026e+08, 5.00667e+08, 3.00116e+07
-5.69214e+08, 3.47706e+08, 4.03149e+06
-2.09046e+08, -6.32806e+08, -3.0962e+07
6.72176e+08, -8.80829e+07, 8.99818e+06
-2.48696e+07, 6.72421e+08, 2.82121e+07
-6.43268e+08, -1.65298e+08, -1.92584e+07
3.04883e+08, -5.99489e+08, -1.97838e+07
5.44568e+08, 4.03255e+08, 2.75353e+07
-4.90237e+08, 4.53217e+08, 1.0026e+07
-3.29516e+08, -5.78605e+08, -3.09329e+07
6.421e+08, -2.16191e+08, 2.96659e+06
1.0657e+08, 6.65043e+08, 3.03873e+07
-6.63516e+08, -3.49401e+07, -1.40843e+07
1.81723e+08, -6.46559e+08, -2.41237e+07
6.12507e+08, 2.90607e+08, 2.402e+07
-3.92159e+08, 5.4107e+08, 1.56296e+07
-4.36904e+08, -5.01884e+08, -2.96968e+07
5.87752e+08, -3.3599e+08, -3.1702e+06
2.34021e+08, 6.32246e+08, 3.14039e+07
-6.57673e+08, 9.67139e+07, -8.36134e+06
5.18166e+07, -6.68677e+08, -2.75283e+07
6.57329e+08, 1.67025e+08, 1.96016e+07
-2.78795e+08, 6.07968e+08, 2.06296e+07
-5.27068e+08, -4.05624e+08, -2.73023e+07
5.11209e+08, -4.42894e+08, -9.17776e+06
3.52594e+08, 5.75376e+08, 3.1227e+07
-6.26048e+08, 2.24556e+08, -2.31273e+06
-7.9903e+07, -6.65009e+08, -2.98687e+07
6.77356e+08, 3.71881e+07, 1.44475e+07
-1.54624e+08, 6.51352e+08, 2.48326e+07
-5.96523e+08, -2.9363e+08, -2.38456e+07
4.15362e+08, -5.3291e+08, -1.48312e+07
4.5783e+08, 4.96617e+08, 2.98652e+07
-5.69924e+08, 3.43563e+08, 3.82348e+06
-2.08311e+08, -6.35727e+08, -3.10553e+07
6.71888e+08, -9.40204e+07, 8.7521e+06
-2.43852e+07, 6.69634e+08, 2.80811e+07
-6.42573e+08, -1.70264e+08, -1.94614e+07
3.03905e+08, -6.02575e+08, -1.99135e+07
5.45773e+08, 3.99024e+08, 2.73739e+07
-4.91521e+08, 4.49187e+08, 9.81145e+06
-3.28501e+08, -5.81939e+08, -3.10426e+07
6.41132e+08, -2.21617e+08, 2.7316e+06
1.06847e+08, 6.62179e+08, 3.02523e+07
-6.63481e+08, -4.03252e+07, -1.4321e+07
